episode,global_step,avg_reward,avg_deliveries,avg_ttfd,buffer_size,entropy_coef
3360,167991,0.6,0.6,13.4,2.3,0.007153261037411473
3370,168491,0.6,0.6,14.5,4.7,0.007153261037411473
3380,168991,0.5,0.5,13.923076923076923,6.933333333333334,0.007153261037411473
3390,169491,0.475,0.475,15.235294117647058,9.0,0.007153261037411473
3400,169991,0.46,0.46,16.38095238095238,11.04,0.007153261037411473
3410,170491,0.43333333333333335,0.43333333333333335,16.0,12.933333333333334,0.007153261037411473
3420,170991,0.42857142857142855,0.42857142857142855,15.964285714285714,14.8,0.007153261037411473
3430,171491,0.4375,0.4375,16.545454545454547,16.7,0.007153261037411473
3440,171991,0.43333333333333335,0.43333333333333335,17.08108108108108,18.72222222222222,0.007153261037411473
3450,172491,0.43,0.43,16.682926829268293,20.77,0.007153261037411473
3460,172991,0.4,0.4,16.5,24.8,0.007153261037411473
3470,173491,0.41,0.41,16.28,28.89,0.007153261037411473
3480,173991,0.42,0.42,16.25925925925926,33.0,0.007153261037411473
3490,174491,0.43,0.43,16.559322033898304,37.12,0.007153261037411473
3500,174991,0.41,0.41,16.57377049180328,41.22,0.007153261037411473
3510,175490,0.41,0.41,16.984375,45.18,0.007153261037411473
3520,175990,0.4,0.4,17.059701492537314,49.17,0.007153261037411473
3530,176490,0.41,0.41,17.180555555555557,53.17,0.007153261037411473
3540,176990,0.39,0.39,17.094594594594593,56.95,0.007153261037411473
3550,177490,0.38,0.38,16.87012987012987,60.57,0.007153261037411473
3560,177990,0.44,0.44,16.576470588235296,64.42,0.007153261037411473
3570,178489,0.42,0.42,16.325842696629213,68.34,0.007153261037411473
3580,178989,0.42,0.42,16.817204301075268,72.19,0.007153261037411473
3590,179489,0.42,0.42,16.683673469387756,76.14,0.007153261037411473
3600,179989,0.42,0.42,16.68,80.04,0.007153261037411473
3610,180489,0.43,0.43,17.08,83.84,0.007153261037411473
3620,180989,0.45,0.45,17.01,87.25,0.007153261037411473
3630,181481,0.43,0.43,16.88,90.25,0.007153261037411473
3640,181981,0.46,0.46,16.85,92.98,0.007153261037411473
3650,182481,0.46,0.46,16.84,95.44,0.007153261037411473
3660,182981,0.42,0.42,16.35,97.33,0.007153261037411473
3670,183481,0.41,0.41,16.08,98.61,0.007153261037411473
3680,183981,0.42,0.42,16.5,99.51,0.007153261037411473
3690,184471,0.38,0.38,16.46,99.92,0.007153261037411473
3700,184971,0.41,0.41,16.16,100.0,0.007153261037411473
3710,185471,0.41,0.41,16.15,100.0,0.007153261037411473
3720,185971,0.39,0.39,16.27,100.0,0.007153261037411473
3730,186471,0.39,0.39,16.54,100.0,0.007153261037411473
3740,186971,0.38,0.38,16.35,100.0,0.007153261037411473
3750,187470,0.38,0.38,16.66,100.0,0.007153261037411473
3760,187970,0.38,0.38,16.61,100.0,0.007153261037411473
3770,188466,0.36,0.36,16.48,100.0,0.007153261037411473
3780,188966,0.33,0.33,16.42,100.0,0.007153261037411473
3790,189466,0.33,0.33,16.65,100.0,0.007153261037411473
3800,189966,0.31,0.31,16.11,100.0,0.007153261037411473
3810,190466,0.32,0.32,15.9,100.0,0.007153261037411473
3820,190966,0.32,0.32,15.69,100.0,0.007153261037411473
3830,191466,0.3,0.3,15.8,100.0,0.007153261037411473
3840,191966,0.28,0.28,15.67,100.0,0.007153261037411473
3850,192458,0.29,0.29,15.37,100.0,0.007153261037411473
3860,192958,0.3,0.3,15.53,100.0,0.007153261037411473
3870,193458,0.33,0.33,15.76,100.0,0.007153261037411473
3880,193956,0.35,0.35,15.61,100.0,0.007153261037411473
3890,194456,0.37,0.37,15.32,100.0,0.007153261037411473
3900,194956,0.4,0.4,15.3,100.0,0.007153261037411473
3910,195456,0.37,0.37,15.37,100.0,0.007153261037411473
3920,195956,0.37,0.37,15.43,100.0,0.007153261037411473
3930,196455,0.4,0.4,15.85,100.0,0.007153261037411473
3940,196955,0.43,0.43,16.11,100.0,0.007153261037411473
3950,197446,0.47,0.47,16.02,100.0,0.007153261037411473
3960,197946,0.46,0.46,16.53,100.0,0.007153261037411473
3970,198446,0.43,0.43,16.49,100.0,0.007153261037411473
3980,198946,0.42,0.42,16.0,100.0,0.007153261037411473
3990,199446,0.43,0.43,15.96,100.0,0.007153261037411473
4000,199941,0.42,0.42,15.98,100.0,0.007153261037411473
4010,200441,0.47,0.47,15.77,100.0,0.007153261037411473
4020,200941,0.48,0.48,16.11,100.0,0.007153261037411473
4030,201441,0.49,0.49,15.84,100.0,0.007153261037411473
4040,201936,0.49,0.49,15.54,100.0,0.007153261037411473
4050,202436,0.46,0.46,15.93,100.0,0.007153261037411473
4060,202936,0.42,0.42,16.14,100.0,0.007153261037411473
4070,203436,0.44,0.44,16.44,100.0,0.007153261037411473
4080,203936,0.43,0.43,16.68,100.0,0.007153261037411473
4090,204436,0.39,0.39,16.68,100.0,0.007153261037411473
4100,204933,0.36,0.36,16.65,100.0,0.007153261037411473
4110,205433,0.31,0.31,16.93,100.0,0.007153261037411473
4120,205933,0.32,0.32,17.15,100.0,0.007153261037411473
4130,206433,0.3,0.3,17.29,100.0,0.007153261037411473
4140,206933,0.34,0.34,17.46,100.0,0.007153261037411473
4150,207433,0.33,0.33,17.33,100.0,0.007153261037411473
4160,207931,0.32,0.32,17.33,100.0,0.007153261037411473
4170,208431,0.31,0.31,17.67,100.0,0.007153261037411473
4180,208931,0.33,0.33,18.1,100.0,0.007153261037411473
4190,209425,0.35,0.35,18.11,100.0,0.007153261037411473
4200,209925,0.36,0.36,17.98,100.0,0.007153261037411473
4210,210425,0.4,0.4,17.7,100.0,0.007153261037411473
4220,210925,0.38,0.38,17.18,100.0,0.007153261037411473
4230,211425,0.37,0.37,17.06,100.0,0.007153261037411473
4240,211924,0.3,0.3,16.98,100.0,0.007153261037411473
4250,212424,0.33,0.33,16.9,100.0,0.007153261037411473
4260,212924,0.36,0.36,17.09,100.0,0.007153261037411473
4270,213424,0.39,0.39,17.29,100.0,0.007153261037411473
4280,213924,0.4,0.4,17.33,100.0,0.007153261037411473
4290,214424,0.4,0.4,17.17,100.0,0.007153261037411473
4300,214924,0.41,0.41,17.49,100.0,0.007153261037411473
4310,215424,0.41,0.41,17.3,100.0,0.007153261037411473
4320,215924,0.41,0.41,17.22,100.0,0.007153261037411473
4330,216424,0.4,0.4,17.36,100.0,0.007153261037411473
4340,216924,0.43,0.43,16.89,100.0,0.007153261037411473
4350,217424,0.39,0.39,16.31,100.0,0.007153261037411473
4360,217924,0.38,0.38,16.4,100.0,0.007153261037411473
4370,218424,0.35,0.35,16.7,100.0,0.007153261037411473
4380,218924,0.34,0.34,16.1,100.0,0.007153261037411473
4390,219424,0.36,0.36,16.52,100.0,0.007153261037411473
4400,219917,0.34,0.34,16.53,100.0,0.007153261037411473
4410,220417,0.29,0.29,16.47,100.0,0.007153261037411473
4420,220917,0.28,0.28,16.57,100.0,0.007153261037411473
4430,221417,0.3,0.3,16.67,100.0,0.007153261037411473
4440,221917,0.29,0.29,17.06,100.0,0.007153261037411473
4450,222417,0.27,0.27,16.77,100.0,0.007153261037411473
4460,222917,0.32,0.32,16.17,100.0,0.007153261037411473
4470,223413,0.34,0.34,15.93,100.0,0.007153261037411473
4480,223913,0.37,0.37,15.65,100.0,0.007153261037411473
4490,224413,0.37,0.37,15.9,100.0,0.007153261037411473
4500,224913,0.41,0.41,15.99,100.0,0.007153261037411473
4510,225413,0.42,0.42,15.96,100.0,0.007153261037411473
4520,225913,0.45,0.45,16.15,100.0,0.007153261037411473
4530,226413,0.42,0.42,16.14,100.0,0.007153261037411473
4540,226907,0.43,0.43,15.99,100.0,0.007153261037411473
4550,227402,0.45,0.45,16.08,100.0,0.007153261037411473
4560,227897,0.42,0.42,15.53,100.0,0.007153261037411473
4570,228397,0.39,0.39,15.6,100.0,0.007153261037411473
4580,228897,0.37,0.37,15.37,100.0,0.007153261037411473
4590,229397,0.35,0.35,15.46,100.0,0.007153261037411473
4600,229897,0.29,0.29,15.46,100.0,0.007153261037411473
4610,230395,0.31,0.31,15.12,100.0,0.007153261037411473
4620,230895,0.29,0.29,15.32,100.0,0.007153261037411473
4630,231395,0.33,0.33,15.68,100.0,0.007153261037411473
4640,231891,0.29,0.29,15.67,100.0,0.007153261037411473
4650,232391,0.35,0.35,16.0,100.0,0.007153261037411473
4660,232891,0.36,0.36,15.89,100.0,0.007153261037411473
4670,233391,0.43,0.43,15.54,100.0,0.007153261037411473
4680,233891,0.41,0.41,15.3,100.0,0.007153261037411473
4690,234391,0.41,0.41,15.52,100.0,0.007153261037411473
4700,234891,0.46,0.46,15.66,100.0,0.007153261037411473
4710,235391,0.49,0.49,15.78,100.0,0.007153261037411473
4720,235891,0.5,0.5,16.11,100.0,0.007153261037411473
4730,236391,0.48,0.48,16.05,100.0,0.007153261037411473
4740,236891,0.49,0.49,15.98,100.0,0.007153261037411473
4750,237391,0.43,0.43,15.86,100.0,0.007153261037411473
4760,237891,0.41,0.41,16.06,100.0,0.007153261037411473
4770,238391,0.36,0.36,15.86,100.0,0.007153261037411473
4780,238891,0.39,0.39,15.89,100.0,0.007153261037411473
4790,239391,0.44,0.44,15.83,100.0,0.007153261037411473
4800,239891,0.43,0.43,15.69,100.0,0.007153261037411473
4810,240391,0.41,0.41,15.76,100.0,0.007153261037411473
4820,240891,0.44,0.44,15.78,100.0,0.007153261037411473
4830,241387,0.44,0.44,15.69,100.0,0.007153261037411473
4840,241887,0.47,0.47,15.99,100.0,0.007153261037411473
4850,242387,0.47,0.47,16.03,100.0,0.007153261037411473
4860,242887,0.45,0.45,15.85,100.0,0.007153261037411473
4870,243387,0.46,0.46,16.12,100.0,0.007153261037411473
4880,243887,0.42,0.42,16.19,100.0,0.007153261037411473
4890,244387,0.39,0.39,16.17,100.0,0.007153261037411473
4900,244887,0.39,0.39,16.14,100.0,0.007153261037411473
4910,245383,0.36,0.36,15.93,100.0,0.007153261037411473
4920,245872,0.3,0.3,15.9,100.0,0.007153261037411473
4930,246372,0.28,0.28,15.83,100.0,0.007153261037411473
4940,246872,0.29,0.29,16.14,100.0,0.007153261037411473
4950,247371,0.3,0.3,16.3,100.0,0.007153261037411473
4960,247871,0.35,0.35,16.53,100.0,0.007153261037411473
4970,248370,0.33,0.33,16.26,100.0,0.007153261037411473
4980,248870,0.35,0.35,16.01,100.0,0.007153261037411473
4990,249363,0.33,0.33,15.88,100.0,0.007153261037411473
5000,249863,0.35,0.35,15.83,100.0,0.007153261037411473
5010,250363,0.37,0.37,15.25,100.0,0.007153261037411473
5020,250863,0.42,0.42,14.96,100.0,0.007153261037411473
5030,251363,0.45,0.45,14.98,100.0,0.007153261037411473
5040,251863,0.46,0.46,14.83,100.0,0.007153261037411473
5050,252348,0.44,0.44,14.61,100.0,0.007153261037411473
5060,252848,0.42,0.42,14.7,100.0,0.007153261037411473
5070,253348,0.43,0.43,14.52,100.0,0.007153261037411473
5080,253848,0.42,0.42,14.58,100.0,0.007153261037411473
5090,254339,0.44,0.44,14.59,100.0,0.007153261037411473
5100,254839,0.42,0.42,14.69,100.0,0.007153261037411473
5110,255330,0.46,0.46,14.55,100.0,0.007153261037411473
5120,255830,0.43,0.43,14.43,100.0,0.007153261037411473
5130,256321,0.45,0.45,14.07,100.0,0.007153261037411473
5140,256817,0.4,0.4,14.31,100.0,0.007153261037411473
5150,257316,0.43,0.43,15.08,100.0,0.007153261037411473
5160,257816,0.43,0.43,14.74,100.0,0.007153261037411473
5170,258316,0.43,0.43,14.5,100.0,0.007153261037411473
5180,258816,0.43,0.43,14.52,100.0,0.007153261037411473
5190,259316,0.42,0.42,14.66,100.0,0.007153261037411473
5200,259813,0.43,0.43,14.46,100.0,0.007153261037411473
5210,260313,0.38,0.38,14.38,100.0,0.007153261037411473
5220,260813,0.37,0.37,14.45,100.0,0.007153261037411473
5230,261302,0.35,0.35,14.74,100.0,0.007153261037411473
5240,261802,0.36,0.36,15.13,100.0,0.007153261037411473
5250,262302,0.41,0.41,15.21,100.0,0.007153261037411473
5260,262799,0.4,0.4,15.13,100.0,0.007153261037411473
5270,263299,0.41,0.41,15.31,100.0,0.007153261037411473
5280,263799,0.41,0.41,15.24,100.0,0.007153261037411473
5290,264299,0.42,0.42,15.56,100.0,0.007153261037411473
5300,264792,0.43,0.43,15.87,100.0,0.007153261037411473
5310,265292,0.44,0.44,16.27,100.0,0.007153261037411473
5320,265789,0.47,0.47,16.15,100.0,0.007153261037411473
5330,266284,0.45,0.45,16.13,100.0,0.007153261037411473
5340,266774,0.46,0.46,16.01,100.0,0.007153261037411473
5350,267274,0.36,0.36,16.01,100.0,0.007153261037411473
5360,267774,0.37,0.37,15.83,100.0,0.007153261037411473
5370,268272,0.35,0.35,15.53,100.0,0.007153261037411473
5380,268765,0.37,0.37,15.25,100.0,0.007153261037411473
5390,269265,0.36,0.36,15.67,100.0,0.007153261037411473
5400,269761,0.34,0.34,15.78,100.0,0.007153261037411473
5410,270259,0.35,0.35,15.69,100.0,0.007153261037411473
5420,270759,0.33,0.33,15.06,100.0,0.007153261037411473
5430,271259,0.34,0.34,15.14,100.0,0.007153261037411473
5440,271759,0.41,0.41,14.85,100.0,0.007153261037411473
5450,272259,0.44,0.44,14.68,100.0,0.007153261037411473
5460,272759,0.44,0.44,14.71,100.0,0.007153261037411473
5470,273259,0.46,0.46,14.74,100.0,0.007153261037411473
5480,273759,0.46,0.46,14.66,100.0,0.007153261037411473
5490,274238,0.45,0.45,14.42,100.0,0.007153261037411473
5500,274738,0.45,0.45,14.11,100.0,0.007153261037411473
5510,275238,0.46,0.46,13.65,100.0,0.007153261037411473
5520,275738,0.51,0.51,13.58,100.0,0.007153261037411473
5530,276225,0.51,0.51,13.3,100.0,0.007153261037411473
5540,276725,0.45,0.44,13.65,100.0,0.007153261037411473
5550,277225,0.47,0.46,13.54,100.0,0.007153261037411473
5560,277722,0.47,0.46,13.32,100.0,0.007153261037411473
5570,278210,0.42,0.41,13.32,100.0,0.007153261037411473
5580,278710,0.4,0.39,13.68,100.0,0.007153261037411473
5590,279210,0.46,0.45,13.28,100.0,0.007153261037411473
5600,279710,0.48,0.47,13.41,100.0,0.007153261037411473
5610,280204,0.45,0.44,13.7,100.0,0.007153261037411473
5620,280701,0.42,0.41,13.76,100.0,0.007153261037411473
5630,281199,0.45,0.44,14.03,100.0,0.007153261037411473
5640,281699,0.43,0.43,14.06,100.0,0.007153261037411473
5650,282199,0.43,0.43,13.55,100.0,0.007153261037411473
5660,282692,0.47,0.47,13.79,100.0,0.007153261037411473
5670,283189,0.53,0.53,14.17,100.0,0.007153261037411473
5680,283689,0.56,0.56,14.61,100.0,0.007153261037411473
5690,284189,0.52,0.52,14.66,100.0,0.007153261037411473
5700,284676,0.48,0.48,14.71,100.0,0.007153261037411473
5710,285176,0.49,0.49,14.44,100.0,0.007153261037411473
5720,285676,0.48,0.48,14.8,100.0,0.007153261037411473
5730,286176,0.45,0.45,14.8,100.0,0.007153261037411473
5740,286676,0.46,0.46,14.66,100.0,0.007153261037411473
5750,287158,0.44,0.44,14.58,100.0,0.007153261037411473
5760,287656,0.37,0.37,14.56,100.0,0.007153261037411473
5770,288156,0.33,0.33,14.44,100.0,0.007153261037411473
5780,288644,0.3,0.3,14.45,100.0,0.007153261037411473
5790,289129,0.28,0.28,14.62,100.0,0.007153261037411473
5800,289627,0.29,0.29,14.37,100.0,0.007153261037411473
5810,290113,0.28,0.28,14.46,100.0,0.007153261037411473
5820,290613,0.31,0.31,14.25,100.0,0.007153261037411473
5830,291112,0.3,0.3,14.24,100.0,0.007153261037411473
5840,291612,0.28,0.28,14.27,100.0,0.007153261037411473
5850,292098,0.27,0.27,14.14,100.0,0.007153261037411473
5860,292598,0.3,0.3,13.68,100.0,0.007153261037411473
5870,293098,0.31,0.31,13.79,100.0,0.007153261037411473
5880,293596,0.34,0.34,13.68,100.0,0.007153261037411473
5890,294090,0.33,0.33,13.83,100.0,0.007153261037411473
5900,294590,0.35,0.35,13.8,100.0,0.007153261037411473
5910,295090,0.33,0.33,13.67,100.0,0.007153261037411473
5920,295574,0.3,0.3,13.58,100.0,0.007153261037411473
5930,296074,0.34,0.34,13.71,100.0,0.007153261037411473
5940,296571,0.35,0.35,13.57,100.0,0.007153261037411473
5950,297065,0.39,0.39,13.5,100.0,0.007153261037411473
5960,297565,0.42,0.42,13.88,100.0,0.007153261037411473
5970,298065,0.42,0.42,13.73,100.0,0.007153261037411473
5980,298558,0.39,0.39,13.23,100.0,0.007153261037411473
5990,299058,0.39,0.39,13.1,100.0,0.007153261037411473
6000,299553,0.36,0.36,12.51,100.0,0.007153261037411473
6010,300053,0.39,0.39,12.95,100.0,0.007153261037411473
6020,300549,0.38,0.38,12.85,100.0,0.007153261037411473
6030,301049,0.38,0.37,12.64,100.0,0.007153261037411473
6040,301549,0.37,0.36,12.9,100.0,0.007153261037411473
6050,302038,0.32,0.31,12.89,100.0,0.007153261037411473
6060,302538,0.31,0.3,12.77,100.0,0.007153261037411473
6070,303038,0.29,0.28,12.75,100.0,0.007153261037411473
6080,303528,0.29,0.28,12.71,100.0,0.007153261037411473
6090,304028,0.33,0.32,12.92,100.0,0.007153261037411473
6100,304523,0.33,0.32,13.14,100.0,0.007153261037411473
6110,305023,0.33,0.32,12.89,100.0,0.007153261037411473
6120,305518,0.32,0.31,12.95,100.0,0.007153261037411473
6130,306017,0.31,0.31,12.96,100.0,0.007153261037411473
6140,306517,0.31,0.31,12.92,100.0,0.007153261037411473
6150,307005,0.31,0.31,12.81,100.0,0.007153261037411473
6160,307498,0.28,0.28,12.85,100.0,0.007153261037411473
6170,307998,0.3,0.3,13.0,100.0,0.007153261037411473
6180,308487,0.3,0.3,13.12,100.0,0.007153261037411473
6190,308977,0.3,0.3,13.09,100.0,0.007153261037411473
6200,309477,0.3,0.3,13.17,100.0,0.007153261037411473
6210,309977,0.33,0.33,12.98,100.0,0.007153261037411473
6220,310473,0.37,0.37,13.15,100.0,0.007153261037411473
6230,310973,0.34,0.34,13.24,100.0,0.007153261037411473
6240,311465,0.34,0.34,13.13,100.0,0.007153261037411473
6250,311965,0.37,0.37,12.86,100.0,0.007153261037411473
6260,312463,0.37,0.37,12.83,100.0,0.007153261037411473
6270,312954,0.37,0.37,12.84,100.0,0.007153261037411473
6280,313450,0.36,0.36,12.64,100.0,0.007153261037411473
6290,313936,0.31,0.31,12.64,100.0,0.007153261037411473
6300,314436,0.3,0.3,12.66,100.0,0.007153261037411473
6310,314936,0.27,0.27,12.87,100.0,0.007153261037411473
6320,315436,0.26,0.26,12.95,100.0,0.007153261037411473
6330,315922,0.32,0.32,13.42,100.0,0.007153261037411473
6340,316422,0.37,0.37,13.45,100.0,0.007153261037411473
6350,316922,0.37,0.37,13.75,100.0,0.007153261037411473
6360,317410,0.35,0.35,13.76,100.0,0.007153261037411473
6370,317910,0.35,0.35,13.68,100.0,0.007153261037411473
6380,318399,0.35,0.35,13.73,100.0,0.007153261037411473
6390,318899,0.4,0.4,14.13,100.0,0.007153261037411473
6400,319398,0.44,0.44,14.25,100.0,0.007153261037411473
6410,319898,0.45,0.45,14.16,100.0,0.007153261037411473
6420,320385,0.46,0.46,14.59,100.0,0.007153261037411473
6430,320885,0.43,0.42,14.73,100.0,0.007153261037411473
6440,321385,0.44,0.43,14.54,100.0,0.007153261037411473
6450,321885,0.44,0.43,14.43,100.0,0.007153261037411473
6460,322385,0.48,0.47,14.75,100.0,0.007153261037411473
6470,322885,0.53,0.52,14.83,100.0,0.007153261037411473
6480,323379,0.58,0.57,14.86,100.0,0.007153261037411473
6490,323879,0.58,0.57,15.16,100.0,0.007153261037411473
6500,324379,0.56,0.55,15.44,100.0,0.007153261037411473
6510,324879,0.53,0.52,15.32,100.0,0.007153261037411473
6520,325375,0.49,0.48,15.42,100.0,0.007153261037411473
6530,325875,0.51,0.51,15.59,100.0,0.007153261037411473
6540,326356,0.46,0.46,15.66,100.0,0.007153261037411473
6550,326856,0.45,0.45,15.63,100.0,0.007153261037411473
6560,327356,0.43,0.43,15.61,100.0,0.007153261037411473
6570,327856,0.4,0.4,15.61,100.0,0.007153261037411473
6580,328356,0.38,0.38,15.45,100.0,0.007153261037411473
6590,328845,0.35,0.35,15.42,100.0,0.007153261037411473
6600,329328,0.35,0.35,15.18,100.0,0.007153261037411473
6610,329827,0.37,0.37,14.93,100.0,0.007153261037411473
6620,330299,0.4,0.4,14.86,100.0,0.007153261037411473
6630,330799,0.39,0.39,14.59,100.0,0.007153261037411473
6640,331290,0.39,0.39,14.78,100.0,0.007153261037411473
6650,331790,0.4,0.4,14.92,100.0,0.007153261037411473
6660,332290,0.47,0.47,14.5,100.0,0.007153261037411473
6670,332790,0.43,0.43,14.31,100.0,0.007153261037411473
6680,333286,0.45,0.45,14.29,100.0,0.007153261037411473
6690,333786,0.46,0.46,14.77,100.0,0.007153261037411473
6700,334286,0.45,0.45,14.76,100.0,0.007153261037411473
6710,334786,0.43,0.43,14.91,100.0,0.007153261037411473
6720,335286,0.41,0.41,15.01,100.0,0.007153261037411473
6730,335782,0.36,0.36,14.67,100.0,0.007153261037411473
6740,336282,0.35,0.35,14.43,100.0,0.007153261037411473
6750,336782,0.34,0.34,14.16,100.0,0.007153261037411473
6760,337282,0.3,0.3,14.85,100.0,0.007153261037411473
6770,337773,0.32,0.32,14.74,100.0,0.007153261037411473
6780,338269,0.3,0.3,14.59,100.0,0.007153261037411473
6790,338769,0.31,0.31,14.25,100.0,0.007153261037411473
6800,339269,0.31,0.31,14.19,100.0,0.007153261037411473
6810,339766,0.31,0.31,14.38,100.0,0.007153261037411473
6820,340266,0.34,0.34,14.23,100.0,0.007153261037411473
6830,340766,0.38,0.38,14.26,100.0,0.007153261037411473
6840,341266,0.39,0.39,14.15,100.0,0.007153261037411473
6850,341766,0.42,0.42,13.86,100.0,0.007153261037411473
6860,342238,0.4,0.4,13.48,100.0,0.007153261037411473
6870,342724,0.4,0.4,13.74,100.0,0.007153261037411473
6880,343208,0.37,0.37,13.24,100.0,0.007153261037411473
6890,343708,0.38,0.38,13.18,100.0,0.007153261037411473
6900,344206,0.4,0.4,12.84,100.0,0.007153261037411473
6910,344706,0.41,0.41,13.0,100.0,0.007153261037411473
6920,345195,0.4,0.4,13.23,100.0,0.007153261037411473
6930,345685,0.38,0.38,12.92,100.0,0.007153261037411473
6940,346185,0.4,0.4,12.4,100.0,0.007153261037411473
6950,346685,0.36,0.36,12.58,100.0,0.007153261037411473
6960,347182,0.37,0.37,12.51,100.0,0.007153261037411473
6970,347682,0.36,0.36,12.26,100.0,0.007153261037411473
6980,348182,0.38,0.38,12.24,100.0,0.007153261037411473
6990,348682,0.39,0.39,12.73,100.0,0.007153261037411473
7000,349182,0.37,0.37,13.03,100.0,0.007153261037411473
7010,349678,0.36,0.36,13.06,100.0,0.007153261037411473
7020,350154,0.33,0.33,12.81,100.0,0.007153261037411473
7030,350654,0.36,0.36,12.67,100.0,0.007153261037411473
7040,351139,0.34,0.34,13.06,100.0,0.007153261037411473
7050,351625,0.41,0.41,13.19,100.0,0.007153261037411473
7060,352115,0.38,0.38,13.08,100.0,0.007153261037411473
7070,352604,0.37,0.37,13.08,100.0,0.007153261037411473
7080,353103,0.36,0.36,13.23,100.0,0.007153261037411473
7090,353600,0.34,0.34,13.35,100.0,0.007153261037411473
7100,354094,0.38,0.38,13.19,100.0,0.007153261037411473
7110,354583,0.41,0.41,13.2,100.0,0.007153261037411473
7120,355083,0.45,0.45,13.56,100.0,0.007153261037411473
7130,355583,0.41,0.41,13.82,100.0,0.007153261037411473
7140,356083,0.45,0.45,14.11,100.0,0.007153261037411473
7150,356575,0.41,0.41,14.32,100.0,0.007153261037411473
7160,357075,0.46,0.46,14.27,100.0,0.007153261037411473
7170,357565,0.5,0.5,14.45,100.0,0.007153261037411473
7180,358065,0.5,0.5,14.71,100.0,0.007153261037411473
7190,358565,0.53,0.53,14.81,100.0,0.007153261037411473
7200,359063,0.54,0.54,14.86,100.0,0.007153261037411473
7210,359563,0.51,0.51,14.8,100.0,0.007153261037411473
7220,360063,0.46,0.46,14.83,100.0,0.007153261037411473
7230,360561,0.47,0.47,14.49,100.0,0.007153261037411473
7240,361061,0.44,0.44,14.84,100.0,0.007153261037411473
7250,361561,0.44,0.44,15.19,100.0,0.007153261037411473
7260,362061,0.42,0.42,14.57,100.0,0.007153261037411473
7270,362561,0.41,0.41,14.54,100.0,0.007153261037411473
7280,363057,0.43,0.43,14.57,100.0,0.007153261037411473
7290,363550,0.42,0.42,14.14,100.0,0.007153261037411473
7300,364041,0.37,0.37,14.2,100.0,0.007153261037411473
7310,364541,0.37,0.37,13.73,100.0,0.007153261037411473
7320,365041,0.4,0.4,13.77,100.0,0.007153261037411473
7330,365541,0.42,0.42,13.84,100.0,0.007153261037411473
7340,366010,0.41,0.41,13.83,100.0,0.007153261037411473
7350,366491,0.39,0.39,13.86,100.0,0.007153261037411473
7360,366991,0.39,0.39,14.0,100.0,0.007153261037411473
7370,367491,0.38,0.38,13.93,100.0,0.007153261037411473
7380,367991,0.35,0.35,13.87,100.0,0.007153261037411473
7390,368491,0.31,0.31,13.79,100.0,0.007153261037411473
7400,368990,0.36,0.36,13.37,100.0,0.007153261037411473
7410,369476,0.41,0.41,13.13,100.0,0.007153261037411473
7420,369971,0.4,0.4,12.87,100.0,0.007153261037411473
7430,370465,0.39,0.39,13.09,100.0,0.007153261037411473
7440,370951,0.39,0.39,13.03,100.0,0.007153261037411473
7450,371449,0.42,0.42,13.53,100.0,0.007153261037411473
7460,371943,0.42,0.42,13.19,100.0,0.007153261037411473
7470,372443,0.45,0.45,13.12,100.0,0.007153261037411473
7480,372943,0.49,0.49,13.2,100.0,0.007153261037411473
7490,373430,0.5,0.5,13.11,100.0,0.007153261037411473
7500,373917,0.47,0.47,13.07,100.0,0.007153261037411473
7510,374409,0.42,0.42,13.09,100.0,0.007153261037411473
7520,374889,0.42,0.42,13.08,100.0,0.007153261037411473
7530,375389,0.43,0.43,13.34,100.0,0.007153261037411473
7540,375882,0.42,0.42,13.13,100.0,0.007153261037411473
7550,376382,0.38,0.38,13.24,100.0,0.007153261037411473
7560,376877,0.39,0.39,13.47,100.0,0.007153261037411473
7570,377354,0.34,0.34,13.85,100.0,0.007153261037411473
7580,377854,0.33,0.33,13.63,100.0,0.007153261037411473
7590,378354,0.34,0.34,13.62,100.0,0.007153261037411473
7600,378854,0.33,0.33,13.34,100.0,0.007153261037411473
7610,379342,0.34,0.34,13.39,100.0,0.007153261037411473
7620,379835,0.35,0.35,13.21,100.0,0.007153261037411473
7630,380335,0.32,0.32,13.13,100.0,0.007153261037411473
7640,380831,0.35,0.35,13.17,100.0,0.007153261037411473
7650,381314,0.35,0.35,13.07,100.0,0.007153261037411473
7660,381814,0.32,0.32,12.92,100.0,0.007153261037411473
7670,382297,0.34,0.34,13.04,100.0,0.007153261037411473
7680,382790,0.35,0.35,13.44,100.0,0.007153261037411473
7690,383290,0.4,0.4,13.72,100.0,0.007153261037411473
7700,383790,0.4,0.4,13.88,100.0,0.007153261037411473
7710,384281,0.42,0.42,13.7,100.0,0.007153261037411473
7720,384767,0.42,0.42,13.69,100.0,0.007153261037411473
7730,385264,0.43,0.43,13.74,100.0,0.007153261037411473
7740,385763,0.44,0.44,14.06,100.0,0.007153261037411473
7750,386247,0.46,0.46,13.81,100.0,0.007153261037411473
7760,386747,0.47,0.47,13.7,100.0,0.007153261037411473
7770,387247,0.51,0.51,13.99,100.0,0.007153261037411473
7780,387747,0.5,0.5,13.83,100.0,0.007153261037411473
7790,388247,0.43,0.43,13.91,100.0,0.007153261037411473
7800,388743,0.42,0.42,13.89,100.0,0.007153261037411473
7810,389243,0.4,0.4,13.6,100.0,0.007153261037411473
7820,389726,0.37,0.37,13.52,100.0,0.007153261037411473
7830,390226,0.37,0.37,13.41,100.0,0.007153261037411473
7840,390726,0.36,0.36,13.14,100.0,0.007153261037411473
7850,391211,0.36,0.36,12.7,100.0,0.007153261037411473
7860,391711,0.32,0.32,12.7,100.0,0.007153261037411473
7870,392200,0.27,0.27,12.66,100.0,0.007153261037411473
7880,392697,0.24,0.24,12.74,100.0,0.007153261037411473
7890,393185,0.24,0.24,12.86,100.0,0.007153261037411473
7900,393671,0.3,0.3,13.0,100.0,0.007153261037411473
7910,394171,0.35,0.35,13.6,100.0,0.007153261037411473
7920,394671,0.41,0.41,13.62,100.0,0.007153261037411473
7930,395171,0.44,0.44,13.75,100.0,0.007153261037411473
7940,395671,0.43,0.43,13.25,100.0,0.007153261037411473
7950,396159,0.41,0.41,13.02,100.0,0.007153261037411473
7960,396650,0.46,0.46,13.32,100.0,0.007153261037411473
7970,397146,0.48,0.48,13.38,100.0,0.007153261037411473
7980,397642,0.53,0.53,13.42,100.0,0.007153261037411473
7990,398136,0.54,0.54,13.49,100.0,0.007153261037411473
8000,398636,0.51,0.51,13.02,100.0,0.007153261037411473
8010,399122,0.47,0.47,12.72,100.0,0.007153261037411473
8020,399622,0.46,0.46,12.69,100.0,0.007153261037411473
8030,400115,0.45,0.45,12.6,100.0,0.007153261037411473
8040,400582,0.45,0.45,12.64,100.0,0.007153261037411473
8050,401081,0.45,0.45,12.35,100.0,0.007153261037411473
8060,401581,0.45,0.45,12.5,100.0,0.007153261037411473
8070,402077,0.47,0.47,12.5,100.0,0.007153261037411473
8080,402560,0.46,0.46,12.21,100.0,0.007153261037411473
8090,403059,0.48,0.48,12.1,100.0,0.007153261037411473
8100,403559,0.46,0.46,12.18,100.0,0.007153261037411473
8110,404059,0.51,0.51,11.89,100.0,0.007153261037411473
8120,404554,0.51,0.51,11.94,100.0,0.007153261037411473
8130,405048,0.49,0.49,12.02,100.0,0.007153261037411473
8140,405548,0.5,0.5,12.3,100.0,0.007153261037411473
8150,406048,0.51,0.51,12.72,100.0,0.007153261037411473
8160,406548,0.52,0.52,11.91,100.0,0.007153261037411473
8170,407037,0.52,0.52,11.83,100.0,0.007153261037411473
8180,407537,0.5,0.5,11.75,100.0,0.007153261037411473
8190,408037,0.49,0.49,11.83,100.0,0.007153261037411473
8200,408534,0.47,0.47,11.98,100.0,0.007153261037411473
8210,409030,0.41,0.41,11.89,100.0,0.007153261037411473
8220,409530,0.38,0.38,11.51,100.0,0.007153261037411473
8230,410017,0.38,0.38,11.37,100.0,0.007153261037411473
8240,410494,0.36,0.36,11.46,100.0,0.007153261037411473
8250,410991,0.36,0.36,11.78,100.0,0.007153261037411473
8260,411491,0.34,0.34,11.74,100.0,0.007153261037411473
8270,411989,0.32,0.32,11.79,100.0,0.007153261037411473
8280,412477,0.33,0.33,12.0,100.0,0.007153261037411473
8290,412977,0.3,0.3,11.96,100.0,0.007153261037411473
8300,413477,0.34,0.34,11.8,100.0,0.007153261037411473
8310,413977,0.38,0.38,11.98,100.0,0.007153261037411473
8320,414465,0.35,0.35,11.98,100.0,0.007153261037411473
8330,414958,0.37,0.37,12.01,100.0,0.007153261037411473
8340,415451,0.38,0.38,12.02,100.0,0.007153261037411473
8350,415951,0.37,0.37,12.04,100.0,0.007153261037411473
8360,416435,0.37,0.37,12.12,100.0,0.007153261037411473
8370,416935,0.39,0.39,12.39,100.0,0.007153261037411473
8380,417425,0.38,0.38,12.56,100.0,0.007153261037411473
8390,417919,0.4,0.4,12.45,100.0,0.007153261037411473
8400,418413,0.38,0.38,12.42,100.0,0.007153261037411473
8410,418881,0.31,0.31,12.42,100.0,0.007153261037411473
8420,419374,0.33,0.33,12.61,100.0,0.007153261037411473
8430,419861,0.31,0.31,12.57,100.0,0.007153261037411473
8440,420361,0.3,0.3,12.59,100.0,0.007153261037411473
8450,420850,0.32,0.32,12.7,100.0,0.007153261037411473
8460,421346,0.31,0.31,12.26,100.0,0.007153261037411473
8470,421833,0.29,0.29,11.97,100.0,0.007153261037411473
8480,422333,0.3,0.3,11.87,100.0,0.007153261037411473
8490,422833,0.32,0.32,12.36,100.0,0.007153261037411473
8500,423322,0.33,0.33,12.46,100.0,0.007153261037411473
8510,423779,0.36,0.36,12.43,100.0,0.007153261037411473
8520,424275,0.37,0.37,12.5,100.0,0.007153261037411473
8530,424772,0.38,0.38,12.46,100.0,0.007153261037411473
8540,425272,0.4,0.4,12.74,100.0,0.007153261037411473
8550,425748,0.4,0.4,12.91,100.0,0.007153261037411473
8560,426231,0.39,0.39,12.77,100.0,0.007153261037411473
8570,426729,0.41,0.41,12.37,100.0,0.007153261037411473
8580,427229,0.44,0.44,12.1,100.0,0.007153261037411473
8590,427727,0.39,0.39,12.1,100.0,0.007153261037411473
8600,428216,0.38,0.38,11.94,100.0,0.007153261037411473
8610,428716,0.4,0.4,11.83,100.0,0.007153261037411473
8620,429216,0.41,0.41,11.77,100.0,0.007153261037411473
8630,429711,0.41,0.41,12.13,100.0,0.007153261037411473
8640,430202,0.39,0.39,11.91,100.0,0.007153261037411473
8650,430702,0.39,0.39,12.21,100.0,0.007153261037411473
8660,431189,0.43,0.43,11.83,100.0,0.007153261037411473
8670,431689,0.4,0.4,12.07,100.0,0.007153261037411473
8680,432177,0.37,0.37,12.22,100.0,0.007153261037411473
8690,432667,0.42,0.42,12.22,100.0,0.007153261037411473
8700,433150,0.42,0.42,12.15,100.0,0.007153261037411473
8710,433644,0.41,0.41,12.35,100.0,0.007153261037411473
8720,434123,0.38,0.38,12.29,100.0,0.007153261037411473
8730,434614,0.4,0.4,12.19,100.0,0.007153261037411473
8740,435080,0.42,0.42,12.29,100.0,0.007153261037411473
8750,435566,0.41,0.41,12.26,100.0,0.007153261037411473
8760,436066,0.43,0.43,12.06,100.0,0.007153261037411473
8770,436528,0.41,0.41,11.87,100.0,0.007153261037411473
8780,437011,0.44,0.44,11.77,100.0,0.007153261037411473
8790,437483,0.44,0.44,11.75,100.0,0.007153261037411473
8800,437960,0.45,0.45,11.75,100.0,0.007153261037411473
8810,438458,0.44,0.44,11.39,100.0,0.007153261037411473
8820,438958,0.47,0.47,11.67,100.0,0.007153261037411473
8830,439439,0.45,0.45,11.81,100.0,0.007153261037411473
8840,439891,0.42,0.42,11.8,100.0,0.007153261037411473
8850,440390,0.44,0.44,11.8,100.0,0.007153261037411473
8860,440890,0.4,0.4,11.83,100.0,0.007153261037411473
8870,441376,0.46,0.46,11.79,100.0,0.007153261037411473
8880,441873,0.41,0.41,12.06,100.0,0.007153261037411473
8890,442344,0.4,0.4,11.92,100.0,0.007153261037411473
8900,442844,0.37,0.37,11.89,100.0,0.007153261037411473
8910,443334,0.39,0.39,11.7,100.0,0.007153261037411473
8920,443826,0.4,0.4,11.75,100.0,0.007153261037411473
8930,444315,0.38,0.38,12.04,100.0,0.007153261037411473
8940,444810,0.43,0.43,11.63,100.0,0.007153261037411473
8950,445310,0.41,0.41,11.43,100.0,0.007153261037411473
8960,445805,0.41,0.41,11.41,100.0,0.007153261037411473
8970,446276,0.37,0.37,11.73,100.0,0.007153261037411473
8980,446776,0.39,0.39,11.62,100.0,0.007153261037411473
8990,447263,0.39,0.39,11.71,100.0,0.007153261037411473
9000,447763,0.41,0.41,11.81,100.0,0.007153261037411473
9010,448241,0.4,0.4,11.88,100.0,0.007153261037411473
9020,448741,0.41,0.41,12.72,100.0,0.007153261037411473
9030,449234,0.46,0.46,13.0,100.0,0.007153261037411473
9040,449724,0.42,0.42,12.98,100.0,0.007153261037411473
9050,450224,0.43,0.43,13.04,100.0,0.007153261037411473
9060,450724,0.41,0.41,13.24,100.0,0.007153261037411473
9070,451223,0.4,0.4,13.11,100.0,0.007153261037411473
9080,451704,0.37,0.37,13.08,100.0,0.007153261037411473
9090,452200,0.37,0.37,13.13,100.0,0.007153261037411473
9100,452700,0.36,0.36,12.99,100.0,0.007153261037411473
9110,453200,0.38,0.38,13.01,100.0,0.007153261037411473
9120,453697,0.35,0.35,13.22,100.0,0.007153261037411473
9130,454177,0.3,0.3,13.19,100.0,0.007153261037411473
9140,454662,0.31,0.31,13.17,100.0,0.007153261037411473
9150,455162,0.3,0.3,13.42,100.0,0.007153261037411473
9160,455651,0.29,0.29,13.35,100.0,0.007153261037411473
9170,456136,0.31,0.31,13.05,100.0,0.007153261037411473
9180,456636,0.31,0.31,13.16,100.0,0.007153261037411473
9190,457130,0.33,0.33,12.86,100.0,0.007153261037411473
9200,457624,0.33,0.33,12.7,100.0,0.007153261037411473
9210,458124,0.33,0.33,12.92,100.0,0.007153261037411473
9220,458624,0.38,0.38,12.73,100.0,0.007153261037411473
9230,459121,0.39,0.39,12.86,100.0,0.007153261037411473
9240,459621,0.39,0.39,13.01,100.0,0.007153261037411473
9250,460116,0.39,0.39,13.14,100.0,0.007153261037411473
9260,460600,0.45,0.45,13.16,100.0,0.007153261037411473
9270,461077,0.44,0.44,13.14,100.0,0.007153261037411473
9280,461573,0.46,0.46,12.99,100.0,0.007153261037411473
9290,462067,0.43,0.43,13.1,100.0,0.007153261037411473
9300,462557,0.44,0.44,12.8,100.0,0.007153261037411473
9310,463053,0.43,0.43,12.49,100.0,0.007153261037411473
9320,463551,0.39,0.39,12.45,100.0,0.007153261037411473
9330,464022,0.38,0.38,12.65,100.0,0.007153261037411473
9340,464506,0.37,0.37,12.66,100.0,0.007153261037411473
9350,465006,0.38,0.38,12.45,100.0,0.007153261037411473
9360,465503,0.34,0.34,12.5,100.0,0.007153261037411473
9370,465986,0.36,0.36,12.46,100.0,0.007153261037411473
9380,466485,0.38,0.38,12.16,100.0,0.007153261037411473
9390,466985,0.41,0.41,11.8,100.0,0.007153261037411473
9400,467485,0.4,0.4,11.85,100.0,0.007153261037411473
9410,467985,0.4,0.4,11.76,100.0,0.007153261037411473
9420,468485,0.4,0.4,11.59,100.0,0.007153261037411473
9430,468974,0.41,0.41,11.62,100.0,0.007153261037411473
9440,469463,0.43,0.43,12.09,100.0,0.007153261037411473
9450,469957,0.43,0.43,12.41,100.0,0.007153261037411473
9460,470457,0.48,0.48,12.9,100.0,0.007153261037411473
9470,470957,0.47,0.47,12.72,100.0,0.007153261037411473
9480,471446,0.42,0.42,12.76,100.0,0.007153261037411473
9490,471946,0.41,0.41,13.09,100.0,0.007153261037411473
9500,472437,0.42,0.42,12.84,100.0,0.007153261037411473
9510,472937,0.38,0.38,12.85,100.0,0.007153261037411473
9520,473426,0.37,0.37,13.12,100.0,0.007153261037411473
9530,473926,0.38,0.38,13.02,100.0,0.007153261037411473
9540,474416,0.36,0.36,12.83,100.0,0.007153261037411473
9550,474916,0.36,0.36,12.81,100.0,0.007153261037411473
9560,475410,0.3,0.3,12.7,100.0,0.007153261037411473
9570,475892,0.32,0.32,12.74,100.0,0.007153261037411473
9580,476387,0.35,0.35,12.75,100.0,0.007153261037411473
9590,476877,0.34,0.34,12.9,100.0,0.007153261037411473
9600,477352,0.36,0.36,12.51,100.0,0.007153261037411473
9610,477848,0.39,0.39,12.33,100.0,0.007153261037411473
9620,478347,0.41,0.41,12.45,100.0,0.007153261037411473
9630,478840,0.41,0.41,12.34,100.0,0.007153261037411473
9640,479324,0.42,0.42,12.76,100.0,0.007153261037411473
9650,479824,0.41,0.41,12.82,100.0,0.007153261037411473
9660,480324,0.41,0.41,13.09,100.0,0.007153261037411473
9670,480824,0.39,0.39,13.17,100.0,0.007153261037411473
9680,481310,0.37,0.37,13.18,100.0,0.007153261037411473
9690,481810,0.36,0.36,13.15,100.0,0.007153261037411473
9700,482307,0.34,0.34,13.29,100.0,0.007153261037411473
9710,482797,0.36,0.36,13.26,100.0,0.007153261037411473
9720,483288,0.37,0.37,13.09,100.0,0.007153261037411473
9730,483774,0.37,0.37,12.93,100.0,0.007153261037411473
9740,484263,0.36,0.36,12.91,100.0,0.007153261037411473
9750,484747,0.37,0.37,13.05,100.0,0.007153261037411473
9760,485236,0.4,0.4,12.71,100.0,0.007153261037411473
9770,485729,0.4,0.4,12.46,100.0,0.007153261037411473
9780,486229,0.41,0.41,12.48,100.0,0.007153261037411473
9790,486720,0.4,0.4,12.65,100.0,0.007153261037411473
9800,487220,0.42,0.42,12.35,100.0,0.007153261037411473
9810,487718,0.42,0.42,12.26,100.0,0.007153261037411473
9820,488205,0.42,0.42,11.77,100.0,0.007153261037411473
9830,488705,0.42,0.42,12.09,100.0,0.007153261037411473
9840,489184,0.41,0.41,11.81,100.0,0.007153261037411473
9850,489675,0.42,0.42,11.86,100.0,0.007153261037411473
9860,490175,0.42,0.42,11.43,100.0,0.007153261037411473
9870,490665,0.42,0.42,11.45,100.0,0.007153261037411473
9880,491148,0.41,0.41,11.53,100.0,0.007153261037411473
9890,491632,0.43,0.43,11.32,100.0,0.007153261037411473
9900,492119,0.42,0.42,11.67,100.0,0.007153261037411473
9910,492586,0.38,0.38,11.36,100.0,0.007153261037411473
9920,493074,0.33,0.33,11.26,100.0,0.007153261037411473
9930,493553,0.35,0.35,11.04,100.0,0.007153261037411473
9940,494034,0.36,0.36,10.98,100.0,0.007153261037411473
9950,494534,0.34,0.34,10.82,100.0,0.007153261037411473
9960,495034,0.3,0.3,10.92,100.0,0.007153261037411473
9970,495534,0.3,0.3,11.16,100.0,0.007153261037411473
9980,496029,0.35,0.35,11.24,100.0,0.007153261037411473
9990,496511,0.35,0.35,11.11,100.0,0.007153261037411473
10000,497002,0.36,0.36,11.38,100.0,0.007153261037411473
10010,497497,0.38,0.38,11.02,100.0,0.007153261037411473
10020,497973,0.41,0.41,10.98,100.0,0.007153261037411473
10030,498466,0.39,0.39,10.73,100.0,0.007153261037411473
10040,498950,0.38,0.38,10.58,100.0,0.007153261037411473
10050,499450,0.4,0.4,10.4,100.0,0.007153261037411473
10060,499945,0.43,0.43,10.73,100.0,0.007153261037411473
