episode,global_step,avg_reward,avg_deliveries,avg_ttfd,buffer_size,entropy_coef,clip_range
8360,416430,0.3,0.3,21.0,1.1,0.005908219981199867,0.17726788878444372
8370,416923,0.25,0.25,18.0,2.4,0.005903375835606926,0.17724097686448292
8380,417423,0.26666666666666666,0.26666666666666666,19.25,3.7666666666666666,0.005898462909042077,0.17721368282801153
8390,417890,0.375,0.375,21.53846153846154,5.425,0.0058938742356305085,0.17718819019794727
8400,418390,0.34,0.34,19.466666666666665,7.1,0.005888961309065659,0.1771608961614759
8410,418888,0.35,0.35,17.72222222222222,8.666666666666666,0.00588406803420707,0.17713371130115038
8420,419373,0.34285714285714286,0.34285714285714286,18.4,10.17142857142857,0.005879302495439167,0.17710723608577314
8430,419868,0.3375,0.3375,18.181818181818183,11.5125,0.005874438698139966,0.17708021498966647
8440,420366,0.34444444444444444,0.34444444444444444,18.2,12.877777777777778,0.005869545423281376,0.17705303012934098
8450,420854,0.39,0.39,17.161290322580644,14.42,0.0058647504069540835,0.17702639114974492
8460,421339,0.4,0.4,16.914285714285715,17.58,0.0058599848681861804,0.17699991593436767
8470,421839,0.44,0.44,17.15,20.95,0.005855071941621331,0.17697262189789628
8480,422336,0.43,0.43,16.761904761904763,24.38,0.005850188492615871,0.17694549162564374
8490,422833,0.45,0.45,16.08,27.96,0.005845305043610411,0.17691836135339117
8500,423333,0.48,0.48,15.8,31.74,0.005840392117045562,0.17689106731691978
8510,423812,0.49,0.49,15.833333333333334,35.84,0.005835685533396437,0.17686491962998022
8520,424301,0.48,0.48,15.741935483870968,40.05,0.005830880691216014,0.1768382260623112
8530,424797,0.46,0.46,15.587301587301587,44.2,0.005826007068063684,0.17681115037813158
8540,425288,0.45,0.45,15.242424242424242,48.31,0.005821182574177002,0.1767843476343167
8550,425774,0.4,0.4,15.029411764705882,52.26,0.00581640720955597,0.1767578178308665
8560,426274,0.42,0.42,14.534246575342467,56.05,0.0058114942829911205,0.1767305237943951
8570,426768,0.39,0.39,14.118421052631579,59.78,0.005806640311545049,0.1767035572863614
8580,427268,0.42,0.42,14.1125,63.48,0.005801727384980201,0.17667626324989
8590,427768,0.38,0.38,14.404761904761905,67.04,0.005796814458415352,0.17664896921341863
8600,428254,0.39,0.39,14.370786516853933,70.5,0.005792039093794318,0.17662243940996844
8610,428723,0.36,0.36,14.263736263736265,73.76,0.00578743076867649,0.17659683760375827
8620,429199,0.34,0.34,14.263736263736265,76.73,0.0057827536625867535,0.17657085368103753
8630,429696,0.41,0.41,14.360824742268042,79.94,0.005777870213581293,0.17654372340878496
8640,430196,0.43,0.43,14.35,83.39,0.005772957287016445,0.1765164293723136
8650,430696,0.45,0.45,14.24,86.61,0.005768044360451596,0.1764891353358422
8660,431196,0.43,0.43,13.66,89.55,0.005763131433886747,0.17646184129937081
8670,431682,0.42,0.42,13.44,92.08,0.005758356069265714,0.17643531149592062
8680,432182,0.41,0.41,13.31,94.3,0.005753443142700865,0.17640801745944926
8690,432677,0.4,0.4,13.21,96.12,0.005748579345401664,0.1763809963633426
8700,433164,0.38,0.38,12.95,97.5,0.005743794154927501,0.17635441197181945
8710,433642,0.39,0.39,12.92,98.49,0.005739097397131506,0.1763283188729528
8720,434120,0.42,0.42,12.91,99.39,0.0057344006393355105,0.17630222577408616
8730,434616,0.38,0.38,13.24,99.94,0.00572952701618318,0.17627515008990657
8740,435116,0.41,0.41,12.89,100.0,0.005724614089618331,0.17624785605343518
8750,435599,0.4,0.4,13.17,100.0,0.005719868202556686,0.1762214900142038
8760,436095,0.39,0.39,13.58,100.0,0.005714994579404356,0.1761944143300242
8770,436591,0.39,0.39,13.52,100.0,0.005710120956252026,0.1761673386458446
8780,437091,0.4,0.4,13.0,100.0,0.005705208029687177,0.17614004460937321
8790,437588,0.39,0.39,13.3,100.0,0.005700324580681718,0.17611291433712065
8800,438087,0.4,0.4,12.92,100.0,0.005695421479969998,0.1760856748887222
8810,438583,0.4,0.4,12.97,100.0,0.005690547856817668,0.17605859920454262
8820,439065,0.44,0.44,13.09,100.0,0.005685811795609153,0.1760322877533842
8830,439553,0.43,0.43,13.32,100.0,0.005681016779281861,0.17600564877378813
8840,440049,0.36,0.36,13.29,100.0,0.005676143156129531,0.17597857308960851
8850,440549,0.37,0.37,13.35,100.0,0.005671230229564682,0.17595127905313712
8860,441049,0.39,0.39,13.38,100.0,0.005666317302999832,0.17592398501666573
8870,441547,0.4,0.4,12.95,100.0,0.005661424028141243,0.17589680015634024
8880,442025,0.38,0.38,13.18,100.0,0.005656727270345247,0.1758707070574736
8890,442513,0.37,0.37,13.38,100.0,0.005651932254017954,0.17584406807787753
8900,443013,0.38,0.38,13.44,100.0,0.005647019327453106,0.17581677404140614
8910,443513,0.39,0.39,13.13,100.0,0.005642106400888257,0.17578948000493477
8920,444013,0.35,0.35,13.09,100.0,0.005637193474323407,0.17576218596846338
8930,444489,0.35,0.35,13.43,100.0,0.005632516368233672,0.1757362020457426
8940,444988,0.36,0.36,13.28,100.0,0.005627613267521953,0.1757089625973442
8950,445478,0.36,0.36,13.68,100.0,0.0056227985994884,0.17568221444160223
8960,445973,0.35,0.35,14.03,100.0,0.005617934802189199,0.17565519334549556
8970,446473,0.35,0.35,14.21,100.0,0.005613021875624351,0.17562789930902417
8980,446970,0.37,0.37,14.37,100.0,0.005608138426618891,0.17560076903677163
8990,447467,0.35,0.35,14.37,100.0,0.005603254977613431,0.17557363876451906
9000,447940,0.3,0.3,14.36,100.0,0.005598607349083084,0.17554781860601715
9010,448440,0.3,0.3,14.32,100.0,0.0055936944225182346,0.17552052456954575
9020,448940,0.34,0.34,14.01,100.0,0.005588781495953386,0.17549323053307436
9030,449440,0.34,0.34,13.84,100.0,0.005583868569388537,0.175465936496603
9040,449918,0.37,0.37,14.06,100.0,0.005579171811592541,0.17543984339773636
9050,450406,0.33,0.33,14.15,100.0,0.005574376795265248,0.1754132044181403
9060,450905,0.3,0.3,13.89,100.0,0.005569473694553529,0.17538596496974185
9070,451395,0.33,0.33,13.36,100.0,0.005564659026519977,0.17535921681399988
9080,451884,0.33,0.33,13.36,100.0,0.005559854184339555,0.17533252324633086
9090,452373,0.41,0.41,13.23,100.0,0.005555049342159133,0.17530582967866185
9100,452857,0.43,0.43,13.3,100.0,0.005550293629244359,0.17527940905135755
9110,453357,0.43,0.43,13.44,100.0,0.00554538070267951,0.17525211501488616
9120,453825,0.39,0.39,13.21,100.0,0.005540782203414811,0.17522656779674894
9130,454313,0.4,0.4,13.12,100.0,0.005535987187087519,0.17519992881715288
9140,454813,0.39,0.39,13.75,100.0,0.00553107426052267,0.1751726347806815
9150,455308,0.41,0.41,13.62,100.0,0.005526210463223469,0.17514561368457482
9160,455784,0.45,0.45,13.75,100.0,0.005521533357133733,0.17511962976185408
9170,456263,0.42,0.42,13.58,100.0,0.005516826773484608,0.17509348207491449
9180,456763,0.4,0.4,13.36,100.0,0.0055119138469197585,0.1750661880384431
9190,457260,0.36,0.36,13.67,100.0,0.005507030397914299,0.17503905776619055
9200,457759,0.38,0.38,14.03,100.0,0.005502127297202579,0.1750118183177921
9210,458259,0.38,0.38,14.0,100.0,0.00549721437063773,0.17498452428132072
9220,458743,0.41,0.41,13.48,100.0,0.005492458657722956,0.17495810365401643
9230,459223,0.46,0.46,12.97,100.0,0.005487742248220702,0.1749319013790039
9240,459718,0.46,0.46,12.75,100.0,0.005482878450921501,0.17490488028289725
9250,460202,0.47,0.47,12.48,100.0,0.005478122738006728,0.17487845965559293
9260,460688,0.45,0.45,12.63,100.0,0.005473347373385694,0.17485192985214276
9270,461178,0.44,0.44,12.4,100.0,0.005468532705352142,0.1748251816964008
9280,461666,0.47,0.47,12.72,100.0,0.00546373768902485,0.17479854271680473
9290,462140,0.47,0.47,12.87,100.0,0.005459080234641373,0.17477266797022986
9300,462640,0.47,0.47,12.31,100.0,0.005454167308076523,0.17474537393375847
9310,463139,0.46,0.46,12.45,100.0,0.005449264207364805,0.17471813448536003
9320,463636,0.43,0.43,12.43,100.0,0.0054443807583593445,0.17469100421310746
9330,464104,0.38,0.38,12.52,100.0,0.005439782259094645,0.17466545699497027
9340,464602,0.38,0.38,12.59,100.0,0.005434888984236056,0.17463827213464475
9350,465090,0.36,0.36,12.66,100.0,0.005430093967908763,0.17461163315504868
9360,465583,0.38,0.38,12.92,100.0,0.005425249822315822,0.1745847212350879
9370,466083,0.42,0.41,12.96,100.0,0.005420336895750974,0.17455742719861653
9380,466553,0.4,0.39,12.93,100.0,0.005415718744780015,0.1745317708043334
9390,467043,0.4,0.39,13.04,100.0,0.005410904076746463,0.17450502264859147
9400,467523,0.41,0.4,13.35,100.0,0.0054061876672442085,0.17447882037357892
9410,468023,0.44,0.43,12.74,100.0,0.005401274740679359,0.17445152633710756
9420,468519,0.41,0.4,12.74,100.0,0.005396401117527029,0.17442445065292794
9430,469011,0.42,0.41,12.75,100.0,0.005391566797787218,0.1743975933210401
9440,469492,0.42,0.41,12.9,100.0,0.005386840562431833,0.17437133645795463
9450,469983,0.44,0.43,12.64,100.0,0.005382016068545151,0.17434453371413974
9460,470478,0.43,0.42,12.18,100.0,0.005377152271245951,0.17431751261803308
9470,470960,0.41,0.41,12.49,100.0,0.005372416210037437,0.17429120116687466
9480,471459,0.41,0.41,12.22,100.0,0.005367513109325717,0.17426396171847622
9490,471954,0.4,0.4,12.59,100.0,0.005362649312026516,0.17423694062236955
9500,472453,0.39,0.39,12.77,100.0,0.005357746211314797,0.1742097011739711
9510,472953,0.38,0.38,12.79,100.0,0.005352833284749948,0.17418240713749972
9520,473448,0.43,0.43,13.18,100.0,0.0053479694874507475,0.17415538604139305
9530,473948,0.42,0.42,13.58,100.0,0.005343056560885898,0.17412809200492166
9540,474448,0.42,0.42,13.73,100.0,0.00533814363432105,0.1741007979684503
9550,474929,0.44,0.44,13.66,100.0,0.005333417398965664,0.1740745411053648
9560,475429,0.44,0.44,13.57,100.0,0.005328504472400816,0.17404724706889343
9570,475929,0.44,0.44,13.86,100.0,0.0053235915458359675,0.17401995303242204
9580,476405,0.46,0.46,13.89,100.0,0.005318914439746231,0.17399396910970127
9590,476904,0.47,0.47,13.95,100.0,0.005314011339034512,0.17396672966130283
9600,477372,0.47,0.47,14.02,100.0,0.005309412839769812,0.17394118244316564
9610,477865,0.45,0.45,13.73,100.0,0.005304568694176871,0.17391427052320485
9620,478346,0.44,0.44,13.87,100.0,0.005299842458821487,0.17388801366011938
9630,478846,0.44,0.44,14.02,100.0,0.005294929532256638,0.173860719623648
9640,479346,0.47,0.47,13.93,100.0,0.005290016605691788,0.1738334255871766
9650,479837,0.44,0.44,13.69,100.0,0.005285192111805107,0.1738066228433617
9660,480329,0.44,0.44,13.91,100.0,0.005280357792065296,0.17377976551147387
9670,480818,0.43,0.43,13.88,100.0,0.005275552949884873,0.17375307194380485
9680,481306,0.42,0.42,14.04,100.0,0.00527075793355758,0.17372643296420878
9690,481792,0.41,0.41,14.26,100.0,0.005265982568936548,0.17369990316075862
9700,482258,0.43,0.43,14.75,100.0,0.005261403721378108,0.17367446511876727
9710,482747,0.44,0.44,14.61,100.0,0.0052565988791976855,0.17364777155109826
9720,483247,0.41,0.41,14.63,100.0,0.005251685952632837,0.1736204775146269
9730,483717,0.38,0.38,14.57,100.0,0.005247067801661879,0.17359482112034377
9740,484200,0.36,0.36,14.48,100.0,0.005242321914600234,0.1735684550811124
9750,484685,0.39,0.39,13.87,100.0,0.005237556375832331,0.17354197986573516
9760,485178,0.38,0.38,13.77,100.0,0.0052327122302393905,0.1735150679457744
9770,485678,0.38,0.38,13.71,100.0,0.00522779930367454,0.173487773909303
9780,486177,0.39,0.39,13.72,100.0,0.005222896202962822,0.17346053446090456
9790,486661,0.39,0.39,13.97,100.0,0.005218140490048048,0.17343411383360027
9800,487153,0.39,0.39,13.79,100.0,0.005213306170308236,0.17340725650171243
9810,487623,0.37,0.37,13.89,100.0,0.005208688019337279,0.17338160010742934
9820,488105,0.38,0.38,13.97,100.0,0.005203951958128764,0.17335528865627092
9830,488596,0.41,0.41,13.4,100.0,0.005199127464242083,0.17332848591245603
9840,489095,0.4,0.4,13.52,100.0,0.005194224363530363,0.1733012464640576
9850,489550,0.35,0.35,13.65,100.0,0.005189753600356351,0.17327640889086862
9860,490046,0.36,0.36,13.68,100.0,0.005184879977204021,0.173249333206689
9870,490527,0.36,0.36,13.64,100.0,0.005180153741848635,0.17322307634360354
9880,490997,0.31,0.31,13.66,100.0,0.005175535590877678,0.17319741994932045
9890,491497,0.32,0.32,13.61,100.0,0.005170622664312828,0.17317012591284905
9900,491978,0.3,0.3,13.5,100.0,0.005165896428957444,0.1731438690497636
9910,492459,0.33,0.33,13.41,100.0,0.005161170193602059,0.17311761218667812
9920,492952,0.37,0.37,13.43,100.0,0.005156326048009118,0.17309070026671733
9930,493433,0.38,0.38,13.5,100.0,0.005151599812653733,0.17306444340363186
9940,493927,0.4,0.4,13.3,100.0,0.005146745841207662,0.17303747689559812
9950,494412,0.42,0.42,13.26,100.0,0.005141980302439758,0.17301100168022088
9960,494897,0.42,0.42,12.82,100.0,0.005137214763671855,0.17298452646484364
9970,495380,0.42,0.42,12.75,100.0,0.005132468876610212,0.1729581604256123
9980,495864,0.45,0.45,12.86,100.0,0.005127713163695437,0.172931739798308
9990,496346,0.46,0.46,12.56,100.0,0.005122977102486923,0.1729054283471496
10000,496829,0.42,0.42,12.6,100.0,0.005118231215425279,0.17287906230791822
10010,497329,0.41,0.41,12.19,100.0,0.005113318288860431,0.17285176827144683
10020,497821,0.4,0.4,12.37,100.0,0.005108483969120618,0.17282491093955898
10030,498318,0.38,0.38,12.41,100.0,0.005103600520115158,0.17279778066730644
10040,498799,0.38,0.38,12.98,100.0,0.005098874284759774,0.17277152380422098
10050,499299,0.37,0.37,13.01,100.0,0.005093961358194925,0.17274422976774959
10060,499777,0.36,0.36,12.76,100.0,0.00508926460039893,0.17271813666888294
10070,500266,0.34,0.34,12.98,100.0,0.0050844597582185075,0.17269144310121393
10080,500738,0.32,0.32,12.87,100.0,0.005079821955541289,0.17266567753078493
10090,501225,0.31,0.31,12.71,100.0,0.005075036765067127,0.17263909313926182
10100,501725,0.32,0.32,12.73,100.0,0.005070123838502277,0.17261179910279043
10110,502211,0.32,0.32,12.64,100.0,0.005065348473881245,0.17258526929934026
10120,502696,0.32,0.32,12.81,100.0,0.005060582935113341,0.17255879408396302
10130,503161,0.34,0.34,13.04,100.0,0.005056013913408031,0.17253341063004463
10140,503656,0.32,0.32,13.14,100.0,0.00505115011610883,0.17250638953393796
10150,504156,0.32,0.32,12.78,100.0,0.0050462371895439815,0.17247909549746657
10160,504655,0.34,0.34,13.19,100.0,0.0050413340888322625,0.17245185604906813
10170,505146,0.39,0.39,13.56,100.0,0.00503650959494558,0.17242505330525323
10180,505646,0.39,0.39,13.5,100.0,0.005031596668380732,0.17239775926878184
10190,506146,0.39,0.39,13.41,100.0,0.005026683741815883,0.17237046523231048
10200,506627,0.42,0.42,13.97,100.0,0.005021957506460498,0.17234420836922498
10210,507127,0.41,0.41,13.87,100.0,0.005017044579895649,0.17231691433275362
10220,507617,0.4,0.4,13.54,100.0,0.005012229911862096,0.17229016617701165
10230,508117,0.38,0.38,13.48,100.0,0.005007316985297248,0.17226287214054026
10240,508617,0.36,0.36,13.93,100.0,0.005002404058732399,0.1722355781040689
10250,509101,0.36,0.36,14.01,100.0,0.004997648345817625,0.17220915747676457
10260,509593,0.35,0.35,14.16,100.0,0.0049928140260778135,0.17218230014487673
10270,510067,0.35,0.35,14.25,100.0,0.004988156571694337,0.1721564253983019
10280,510553,0.38,0.38,14.27,100.0,0.004983381207073304,0.1721298955948517
10290,511021,0.37,0.37,14.06,100.0,0.0049787827078086044,0.17210434837671448
10300,511515,0.35,0.35,14.18,100.0,0.004973928736362534,0.17207738186868074
10310,512015,0.36,0.36,14.13,100.0,0.004969015809797685,0.17205008783220938
10320,512515,0.37,0.37,14.03,100.0,0.0049641028832328364,0.17202279379573798
10330,513002,0.41,0.41,14.14,100.0,0.004959317692758674,0.17199620940421487
10340,513502,0.42,0.42,13.94,100.0,0.0049544047661938245,0.17196891536774347
10350,514002,0.42,0.42,13.62,100.0,0.004949491839628975,0.17194162133127208
10360,514502,0.42,0.42,13.28,100.0,0.004944578913064127,0.17191432729480072
10370,515000,0.39,0.39,13.32,100.0,0.004939685638205536,0.1718871424344752
10380,515500,0.37,0.37,13.47,100.0,0.004934772711640688,0.17185984839800383
10390,515994,0.37,0.37,13.38,100.0,0.004929918740194617,0.1718328818899701
10400,516494,0.36,0.36,13.33,100.0,0.004925005813629768,0.17180558785349873
10410,516987,0.35,0.35,13.43,100.0,0.0049201616680368265,0.17177867593353793
10420,517483,0.36,0.36,13.22,100.0,0.004915288044884497,0.17175160024935832
10430,517963,0.33,0.33,13.31,100.0,0.0049105716353822415,0.1717253979743458
10440,518445,0.33,0.33,13.14,100.0,0.0049058355741737275,0.17169908652318738
10450,518935,0.37,0.37,12.47,100.0,0.004901020906140175,0.17167233836744542
10460,519411,0.37,0.37,12.39,100.0,0.004896343800050439,0.17164635444472467
10470,519906,0.37,0.37,12.43,100.0,0.004891480002751238,0.171619333348618
10480,520401,0.34,0.34,12.43,100.0,0.004886616205452038,0.17159231225251131
10490,520899,0.36,0.36,12.4,100.0,0.0048817229305934485,0.17156512739218582
10500,521399,0.37,0.37,12.44,100.0,0.004876810004028599,0.17153783335571443
10510,521892,0.41,0.41,12.63,100.0,0.004871965858435658,0.17151092143575367
10520,522368,0.38,0.38,12.22,100.0,0.0048672887523459225,0.1714849375130329
10530,522861,0.37,0.37,12.08,100.0,0.004862444606752981,0.1714580255930721
10540,523354,0.36,0.36,11.91,100.0,0.00485760046116004,0.17143111367311134
10550,523845,0.36,0.36,12.22,100.0,0.004852775967273359,0.17140431092929645
10560,524343,0.33,0.33,12.2,100.0,0.004847882692414768,0.17137712606897093
10570,524833,0.32,0.32,12.22,100.0,0.0048430680243812165,0.171350377913229
10580,525316,0.34,0.34,12.0,100.0,0.004838322137319572,0.17132401187399762
10590,525816,0.32,0.32,12.06,100.0,0.004833409210754723,0.17129671783752626
10600,526310,0.32,0.32,12.38,100.0,0.004828555239308652,0.17126975132949251
10610,526804,0.29,0.29,12.17,100.0,0.004823701267862582,0.1712427848214588
10620,527284,0.28,0.28,12.12,100.0,0.0048189848583603265,0.17121658254644626
10630,527775,0.29,0.29,11.93,100.0,0.004814160364473645,0.17118977980263136
10640,528275,0.29,0.29,12.04,100.0,0.004809247437908795,0.17116248576615997
10650,528752,0.28,0.28,11.65,100.0,0.00480456050596593,0.17113644725536628
10660,529245,0.31,0.31,11.56,100.0,0.004799716360372989,0.17110953533540552
10670,529732,0.34,0.34,12.09,100.0,0.004794931169898826,0.17108295094388237
10680,530226,0.35,0.35,12.09,100.0,0.0047900771984527545,0.17105598443584863
10690,530723,0.35,0.35,12.01,100.0,0.004785193749447296,0.1710288541635961
10700,531222,0.34,0.34,11.96,100.0,0.004780290648735576,0.17100161471519765
10710,531709,0.33,0.33,11.8,100.0,0.004775505458261413,0.17097503032367453
10720,532207,0.37,0.37,11.67,100.0,0.004770612183402824,0.170947845463349
10730,532707,0.41,0.41,11.78,100.0,0.0047656992568379745,0.17092055142687765
10740,533186,0.39,0.39,11.78,100.0,0.00476099267318885,0.17089440373993806
10750,533684,0.38,0.38,12.06,100.0,0.004756099398330259,0.17086721887961256
10760,534169,0.38,0.38,12.18,100.0,0.004751333859562355,0.17084074366423532
10770,534654,0.37,0.37,12.18,100.0,0.004746568320794452,0.17081426844885808
10780,535152,0.37,0.37,12.23,100.0,0.004741675045935863,0.17078708358853256
10790,535640,0.35,0.35,12.28,100.0,0.0047368800296085705,0.17076044460893652
10800,536126,0.37,0.37,12.02,100.0,0.004732104664987537,0.17073391480548633
10810,536626,0.38,0.38,12.07,100.0,0.004727191738422689,0.17070662076901494
10820,537118,0.36,0.36,12.3,100.0,0.004722357418682877,0.1706797634371271
10830,537606,0.34,0.34,11.95,100.0,0.004717562402355584,0.17065312445753103
10840,538094,0.37,0.37,11.88,100.0,0.0047127673860282914,0.17062648547793496
10850,538594,0.36,0.36,11.96,100.0,0.004707854459463442,0.17059919144146357
10860,539090,0.32,0.32,11.96,100.0,0.004702980836311112,0.17057211575728395
10870,539590,0.33,0.33,12.01,100.0,0.004698067909746264,0.1705448217208126
10880,540090,0.32,0.32,12.14,100.0,0.004693154983181414,0.1705175276843412
10890,540579,0.38,0.38,12.47,100.0,0.004688350141000992,0.17049083411667218
10900,541079,0.36,0.36,12.39,100.0,0.004683437214436144,0.17046354008020081
10910,541574,0.36,0.36,12.65,100.0,0.004678573417136942,0.17043651898409412
10920,542074,0.34,0.33,12.41,100.0,0.004673660490572094,0.17040922494762276
10930,542574,0.34,0.33,12.19,100.0,0.004668747564007244,0.17038193091115136
10940,543074,0.38,0.37,12.7,100.0,0.004663834637442395,0.17035463687467997
10950,543555,0.36,0.35,12.73,100.0,0.004659108402087011,0.1703283800115945
10960,544055,0.44,0.43,13.02,100.0,0.0046541954755221614,0.1703010859751231
10970,544542,0.43,0.42,12.92,100.0,0.004649410285047999,0.1702745015836
10980,545042,0.43,0.42,12.87,100.0,0.00464449735848315,0.17024720754712863
10990,545526,0.39,0.38,13.34,100.0,0.004639741645568376,0.1702207869198243
11000,546023,0.39,0.38,13.31,100.0,0.004634858196562916,0.17019365664757174
11010,546523,0.37,0.36,13.13,100.0,0.004629945269998067,0.17016636261110038
11020,547015,0.37,0.37,13.02,100.0,0.004625110950258256,0.17013950527921254
11030,547513,0.36,0.36,12.88,100.0,0.004620217675399666,0.17011232041888705
11040,548013,0.33,0.33,13.05,100.0,0.004615304748834818,0.17008502638241565
11050,548502,0.34,0.34,12.96,100.0,0.0046104999066543945,0.17005833281474664
11060,549002,0.32,0.32,12.37,100.0,0.004605586980089546,0.17003103877827525
11070,549501,0.32,0.32,12.33,100.0,0.004600683879377826,0.1700037993298768
11080,550001,0.34,0.34,12.74,100.0,0.004595770952812978,0.16997650529340544
11090,550482,0.37,0.37,13.25,100.0,0.004591044717457592,0.16995024843031997
11100,550982,0.42,0.42,13.34,100.0,0.004586131790892744,0.16992295439384858
11110,551470,0.44,0.44,14.44,100.0,0.004581336774565451,0.1698963154142525
11120,551970,0.45,0.45,14.25,100.0,0.0045764238480006025,0.16986902137778112
11130,552461,0.47,0.47,14.19,100.0,0.004571599354113921,0.16984221863396623
11140,552951,0.46,0.46,14.21,100.0,0.004566784686080369,0.16981547047822426
11150,553442,0.48,0.48,14.18,100.0,0.004561960192193687,0.16978866773440937
11160,553934,0.46,0.46,13.92,100.0,0.004557125872453876,0.16976181040252153
11170,554403,0.44,0.44,14.23,100.0,0.004552517547336046,0.16973620859631136
11180,554883,0.41,0.41,14.3,100.0,0.004547801137833792,0.16971000632129885
11190,555383,0.43,0.43,14.43,100.0,0.0045428882112689434,0.16968271228482745
11200,555866,0.41,0.41,14.82,100.0,0.004538142324207298,0.1696563462455961
11210,556362,0.37,0.37,14.82,100.0,0.0045332687010549684,0.1696292705614165
11220,556862,0.36,0.36,14.72,100.0,0.00452835577449012,0.1696019765249451
11230,557362,0.32,0.32,14.61,100.0,0.004523442847925271,0.16957468248847374
11240,557862,0.33,0.33,14.94,100.0,0.004518529921360421,0.16954738845200235
11250,558342,0.32,0.32,14.99,100.0,0.004513813511858167,0.16952118617698983
11260,558830,0.33,0.33,15.17,100.0,0.004509018495530874,0.16949454719739374
11270,559326,0.33,0.33,14.67,100.0,0.004504144872378544,0.16946747151321415
11280,559826,0.35,0.35,14.79,100.0,0.004499231945813695,0.16944017747674275
11290,560326,0.32,0.32,14.73,100.0,0.004494319019248846,0.16941288344027136
11300,560822,0.31,0.31,15.11,100.0,0.004489445396096516,0.16938580775609174
11310,561322,0.33,0.33,15.06,100.0,0.004484532469531666,0.16935851371962038
11320,561806,0.32,0.32,15.0,100.0,0.004479776756616893,0.16933209309231606
11330,562304,0.33,0.33,14.79,100.0,0.004474883481758303,0.16930490823199057
11340,562787,0.3,0.3,14.71,100.0,0.004470137594696659,0.16927854219275923
11350,563274,0.29,0.29,14.63,100.0,0.004465352404222496,0.16925195780123609
11360,563768,0.28,0.28,14.68,100.0,0.004460498432776425,0.16922499129320237
11370,564259,0.31,0.31,14.67,100.0,0.004455673938889744,0.16919818854938748
11380,564737,0.31,0.31,14.67,100.0,0.0044509771810937486,0.16917209545052084
11390,565237,0.3,0.3,14.3,100.0,0.004446064254528898,0.16914480141404944
11400,565737,0.3,0.3,14.26,100.0,0.00444115132796405,0.16911750737757805
11410,566237,0.33,0.32,14.32,100.0,0.0044362384013992015,0.1690902133411067
11420,566737,0.33,0.32,14.29,100.0,0.004431325474834351,0.1690629193046353
11430,567222,0.32,0.31,14.22,100.0,0.004426559936066448,0.16903644408925805
11440,567714,0.38,0.37,13.4,100.0,0.004421725616326637,0.1690095867573702
11450,568207,0.38,0.37,13.35,100.0,0.004416881470733696,0.16898267483740942
11460,568707,0.37,0.36,13.41,100.0,0.004411968544168848,0.16895538080093805
11470,569195,0.35,0.34,13.27,100.0,0.004407173527841555,0.16892874182134196
11480,569674,0.35,0.34,13.25,100.0,0.004402466944192429,0.1689025941344024
11490,570174,0.32,0.31,13.24,100.0,0.00439755401762758,0.168875300097931
11500,570674,0.32,0.31,12.95,100.0,0.004392641091062731,0.1688480060614596
11510,571174,0.31,0.31,12.79,100.0,0.004387728164497882,0.16882071202498825
11520,571669,0.33,0.33,12.32,100.0,0.004382864367198681,0.16879369092888158
11530,572165,0.33,0.33,12.74,100.0,0.0043779907440463514,0.16876661524470196
11540,572665,0.29,0.29,12.52,100.0,0.004373077817481502,0.16873932120823057
11550,573165,0.33,0.33,12.89,100.0,0.004368164890916654,0.1687120271717592
11560,573654,0.3,0.3,12.89,100.0,0.004363360048736231,0.16868533360409016
11570,574154,0.3,0.3,12.85,100.0,0.004358447122171382,0.1686580395676188
11580,574653,0.3,0.3,13.02,100.0,0.004353544021459663,0.16863080011922035
11590,575141,0.32,0.32,13.68,100.0,0.00434874900513237,0.1686041611396243
11600,575621,0.32,0.32,13.72,100.0,0.004344032595630115,0.16857795886461174
11610,576115,0.33,0.33,13.52,100.0,0.004339178624184045,0.16855099235657803
11620,576587,0.32,0.32,13.54,100.0,0.0043345408215068265,0.16852522678614903
11630,577077,0.34,0.34,13.65,100.0,0.004329726153473275,0.16849847863040707
11640,577552,0.37,0.37,13.7,100.0,0.004325058873236668,0.16847254929575928
11650,578046,0.33,0.33,13.78,100.0,0.004320204901790597,0.16844558278772553
11660,578540,0.39,0.39,13.68,100.0,0.004315350930344527,0.16841861627969182
11670,579038,0.39,0.39,13.58,100.0,0.004310457655485937,0.16839143141936633
11680,579531,0.39,0.39,13.98,100.0,0.004305613509892996,0.16836451949940553
11690,580031,0.38,0.38,13.95,100.0,0.004300700583328147,0.16833722546293417
11700,580523,0.4,0.4,14.18,100.0,0.004295866263588336,0.16831036813104633
11710,581022,0.39,0.39,14.31,100.0,0.004290963162876616,0.1682831286826479
11720,581511,0.41,0.41,14.39,100.0,0.004286158320696194,0.16825643511497884
11730,581998,0.39,0.39,14.64,100.0,0.004281373130222031,0.16822985072345573
11740,582492,0.37,0.37,14.33,100.0,0.004276519158775961,0.168202884215422
11750,582982,0.38,0.38,14.53,100.0,0.004271704490742408,0.16817613605968004
11760,583475,0.37,0.37,14.78,100.0,0.004266860345149468,0.16814922413971928
11770,583967,0.36,0.36,14.85,100.0,0.004262026025409656,0.16812236680783144
11780,584452,0.36,0.36,14.76,100.0,0.004257260486641753,0.1680958915924542
11790,584952,0.37,0.37,15.17,100.0,0.0042523475600769025,0.1680685975559828
11800,585440,0.32,0.32,15.02,100.0,0.004247552543749611,0.16804195857638674
11810,585926,0.31,0.31,14.9,100.0,0.004242777179128577,0.16801542877293654
11820,586423,0.32,0.32,14.99,100.0,0.004237893730123118,0.16798829850068397
11830,586923,0.33,0.33,14.9,100.0,0.0042329808035582684,0.1679610044642126
11840,587422,0.31,0.31,14.87,100.0,0.0042280777028465485,0.16793376501581417
11850,587913,0.3,0.3,14.88,100.0,0.004223253208959867,0.16790696227199925
11860,588413,0.28,0.28,14.71,100.0,0.004218340282395019,0.16787966823552788
11870,588890,0.31,0.31,14.53,100.0,0.004213653350452152,0.16785362972473417
11880,589390,0.29,0.29,14.39,100.0,0.004208740423887304,0.1678263356882628
11890,589880,0.3,0.3,14.01,100.0,0.004203925755853752,0.16779958753252083
11900,590380,0.33,0.33,13.52,100.0,0.0041990128292889025,0.16777229349604947
11910,590880,0.36,0.36,13.51,100.0,0.004194099902724053,0.16774499945957808
11920,591380,0.36,0.36,13.24,100.0,0.004189186976159205,0.1677177054231067
11930,591875,0.38,0.38,13.22,100.0,0.004184323178860003,0.16769068432700002
11940,592371,0.43,0.43,13.33,100.0,0.0041794495557076735,0.16766360864282043
11950,592871,0.43,0.43,13.58,100.0,0.004174536629142825,0.16763631460634904
11960,593370,0.41,0.41,13.57,100.0,0.004169633528431105,0.1676090751579506
11970,593870,0.4,0.4,13.76,100.0,0.004164720601866257,0.1675817811214792
11980,594367,0.42,0.42,13.57,100.0,0.0041598371528607965,0.16755465084922666
11990,594852,0.41,0.41,13.55,100.0,0.004155071614092893,0.16752817563384942
12000,595352,0.41,0.41,13.36,100.0,0.004150158687528044,0.16750088159737803
12010,595834,0.4,0.4,12.88,100.0,0.00414542262631953,0.1674745701462196
12020,596334,0.38,0.38,12.66,100.0,0.00414050969975468,0.16744727610974824
12030,596834,0.37,0.37,12.76,100.0,0.004135596773189832,0.16741998207327685
12040,597334,0.35,0.35,12.93,100.0,0.004130683846624983,0.16739268803680546
12050,597834,0.36,0.36,13.3,100.0,0.004125770920060134,0.16736539400033407
12060,598334,0.41,0.41,13.07,100.0,0.004120857993495285,0.1673380999638627
12070,598834,0.43,0.43,12.92,100.0,0.004115945066930436,0.1673108059273913
12080,599326,0.45,0.45,12.64,100.0,0.004111110747190625,0.16728394859550347
12090,599826,0.42,0.42,12.64,100.0,0.0041061978206257755,0.1672566545590321
12100,600326,0.42,0.42,12.59,100.0,0.004101284894060926,0.1672293605225607
12110,600826,0.41,0.41,12.64,100.0,0.004096371967496078,0.16720206648608932
12120,601322,0.41,0.41,12.65,100.0,0.004091498344343747,0.1671749908019097
12130,601816,0.4,0.4,12.52,100.0,0.004086644372897676,0.16714802429387599
12140,602309,0.38,0.38,12.7,100.0,0.004081800227304735,0.1671211123739152
12150,602809,0.37,0.37,13.11,100.0,0.0040768873007398865,0.1670938183374438
12160,603306,0.33,0.33,13.08,100.0,0.004072003851734426,0.16706668806519126
12170,603802,0.31,0.31,12.47,100.0,0.004067130228582096,0.16703961238101164
12180,604286,0.31,0.31,12.73,100.0,0.004062374515667322,0.16701319175370735
12190,604781,0.36,0.36,12.62,100.0,0.004057510718368122,0.16698617065760069
12200,605281,0.35,0.35,12.68,100.0,0.004052597791803273,0.1669588766211293
12210,605780,0.37,0.37,12.56,100.0,0.004047694691091554,0.16693163717273085
12220,606280,0.38,0.38,12.61,100.0,0.004042781764526704,0.16690434313625946
12230,606778,0.37,0.37,12.54,100.0,0.004037888489668115,0.16687715827593397
12240,607272,0.37,0.37,12.3,100.0,0.004033034518222044,0.16685019176790025
12250,607772,0.39,0.39,12.75,100.0,0.004028121591657195,0.16682289773142886
12260,608272,0.41,0.41,12.82,100.0,0.004023208665092347,0.1667956036949575
12270,608772,0.42,0.42,13.15,100.0,0.004018295738527497,0.1667683096584861
12280,609272,0.45,0.45,13.87,100.0,0.004013382811962648,0.1667410156220147
12290,609769,0.41,0.41,13.91,100.0,0.004008499362957188,0.16671388534976217
12300,610269,0.43,0.43,13.73,100.0,0.00400358643639234,0.16668659131329078
12310,610744,0.41,0.41,13.51,100.0,0.0039989191561557325,0.16666066197864296
12320,611244,0.4,0.4,13.43,100.0,0.003994006229590883,0.1666333679421716
12330,611744,0.4,0.4,13.18,100.0,0.003989093303026035,0.1666060739057002
12340,612244,0.41,0.41,13.18,100.0,0.0039841803764611855,0.1665787798692288
12350,612744,0.41,0.41,13.24,100.0,0.003979267449896337,0.16655148583275742
12360,613244,0.4,0.4,13.54,100.0,0.003974354523331488,0.16652419179628605
12370,613744,0.39,0.39,13.74,100.0,0.0039694415967666385,0.16649689775981466
12380,614223,0.33,0.33,13.69,100.0,0.003964735013117514,0.1664707500728751
12390,614703,0.35,0.35,14.15,100.0,0.0039600186036152585,0.16644454779786255
12400,615203,0.36,0.36,13.86,100.0,0.003955105677050409,0.16641725376139116
12410,615703,0.34,0.34,13.91,100.0,0.003950192750485561,0.16638995972491977
12420,616182,0.34,0.34,13.35,100.0,0.003945486166836435,0.1663638120379802
12430,616663,0.36,0.36,13.37,100.0,0.00394075993148105,0.16633755517489474
12440,617163,0.35,0.35,13.77,100.0,0.003935847004916201,0.16631026113842334
12450,617663,0.34,0.34,13.49,100.0,0.003930934078351353,0.16628296710195195
12460,618163,0.31,0.31,13.49,100.0,0.003926021151786503,0.16625567306548056
12470,618652,0.29,0.29,13.74,100.0,0.003921216309606081,0.16622897949781157
12480,619145,0.34,0.34,13.76,100.0,0.00391637216401314,0.16620206757785078
12490,619642,0.37,0.37,14.47,100.0,0.00391148871500768,0.16617493730559824
12500,620126,0.32,0.32,14.28,100.0,0.0039067330020929065,0.16614851667829394
12510,620626,0.32,0.32,14.22,100.0,0.003901820075528057,0.16612122264182255
12520,621126,0.38,0.38,14.11,100.0,0.003896907148963208,0.16609392860535116
12530,621621,0.38,0.38,13.76,100.0,0.0038920433516640074,0.1660669075092445
12540,622110,0.41,0.41,13.53,100.0,0.003887238509483585,0.16604021394157548
12550,622610,0.43,0.43,13.19,100.0,0.0038823255829187366,0.16601291990510408
12560,623093,0.46,0.46,12.59,100.0,0.0038775796958570924,0.16598655386587274
12570,623577,0.48,0.48,12.42,100.0,0.0038728239829423187,0.16596013323856845
12580,624077,0.44,0.44,12.19,100.0,0.0038679110563774695,0.16593283920209706
12590,624577,0.41,0.41,12.77,100.0,0.003862998129812621,0.16590554516562567
12600,625077,0.47,0.47,12.67,100.0,0.003858085203247771,0.16587825112915427
12610,625577,0.5,0.5,13.52,100.0,0.0038531722766829224,0.1658509570926829
12620,626062,0.45,0.45,13.4,100.0,0.0038484067379150185,0.16582448187730567
12630,626557,0.46,0.46,13.12,100.0,0.003843542940615819,0.165797460781199
12640,627052,0.43,0.43,12.93,100.0,0.0038386791433166175,0.1657704396850923
12650,627552,0.4,0.4,13.09,100.0,0.003833766216751769,0.16574314564862094
12660,628050,0.41,0.41,12.72,100.0,0.0038288729418931786,0.16571596078829542
12670,628539,0.42,0.42,12.69,100.0,0.003824068099712757,0.16568926722062643
12680,629022,0.43,0.43,12.39,100.0,0.003819322212651113,0.16566290118139507
12690,629522,0.44,0.44,12.81,100.0,0.0038144092860862636,0.1656356071449237
12700,630016,0.42,0.42,13.35,100.0,0.0038095553146401933,0.16560864063688996
12710,630516,0.4,0.4,13.38,100.0,0.003804642388075344,0.16558134660041857
12720,630997,0.37,0.37,13.51,100.0,0.0037999161527199595,0.16555508973733313
12730,631497,0.35,0.35,13.51,100.0,0.003795003226155111,0.16552779570086174
12740,631988,0.34,0.34,13.47,100.0,0.003790178732268428,0.16550099295704684
12750,632488,0.37,0.37,12.83,100.0,0.0037852658057035797,0.16547369892057545
12760,632973,0.35,0.35,12.81,100.0,0.003780500266935676,0.1654472237051982
12770,633457,0.33,0.33,12.8,100.0,0.0037757445540209022,0.16542080307789392
12780,633944,0.33,0.33,12.8,100.0,0.0037709593635467387,0.16539421868637078
12790,634443,0.3,0.3,12.8,100.0,0.0037660562628350205,0.16536697923797233
12800,634939,0.28,0.28,12.6,100.0,0.0037611826396826897,0.16533990355379272
12810,635435,0.26,0.26,12.55,100.0,0.0037563090165303598,0.1653128278696131
12820,635921,0.26,0.26,12.58,100.0,0.0037515336519093265,0.16528629806616293
12830,636406,0.26,0.26,12.66,100.0,0.0037467681131414235,0.1652598228507857
12840,636905,0.27,0.27,12.6,100.0,0.0037418650124297036,0.16523258340238725
12850,637403,0.25,0.25,12.73,100.0,0.003736971737571114,0.16520539854206173
12860,637898,0.27,0.27,12.6,100.0,0.0037321079402719134,0.1651783774459551
12870,638391,0.26,0.26,12.79,100.0,0.0037272637946789726,0.1651514655259943
12880,638878,0.26,0.26,12.91,100.0,0.00372247860420481,0.16512488113447116
12890,639372,0.26,0.26,12.91,100.0,0.0037176246327587387,0.16509791462643744
12900,639862,0.27,0.27,13.19,100.0,0.003712809964725187,0.16507116647069547
12910,640348,0.27,0.27,13.29,100.0,0.003708034600104153,0.16504463666724528
12920,640833,0.31,0.31,13.06,100.0,0.00370326906133625,0.16501816145186804
12930,641321,0.27,0.27,13.06,100.0,0.0036984740450089577,0.164991522472272
12940,641805,0.3,0.3,13.01,100.0,0.0036937183320941832,0.16496510184496768
12950,642305,0.29,0.29,12.94,100.0,0.003688805405529335,0.16493780780849632
12960,642804,0.27,0.27,12.56,100.0,0.003683902304817615,0.16491056836009788
12970,643302,0.28,0.28,12.11,100.0,0.0036790090299590253,0.16488338349977238
12980,643802,0.27,0.27,12.08,100.0,0.003674096103394177,0.164856089463301
12990,644302,0.3,0.3,12.38,100.0,0.0036691831768293276,0.1648287954268296
13000,644802,0.3,0.3,12.25,100.0,0.003664270250264479,0.1648015013903582
13010,645289,0.3,0.3,12.15,100.0,0.0036594850597903156,0.1647749169988351
13020,645789,0.27,0.27,11.99,100.0,0.0036545721332254663,0.1647476229623637
13030,646289,0.3,0.3,12.26,100.0,0.003649659206660618,0.16472032892589233
13040,646789,0.27,0.27,12.41,100.0,0.0036447462800957686,0.16469303488942094
13050,647279,0.28,0.28,12.36,100.0,0.0036399316120622168,0.164666286733679
13060,647771,0.3,0.3,12.76,100.0,0.0036350972923224053,0.16463942940179116
13070,648271,0.32,0.32,12.75,100.0,0.003630184365757557,0.16461213536531977
13080,648769,0.32,0.32,12.74,100.0,0.0036252910908989673,0.16458495050499428
13090,649269,0.33,0.33,12.29,100.0,0.003620378164334117,0.16455765646852288
13100,649755,0.34,0.34,11.66,100.0,0.0036156027997130847,0.1645311266650727
13110,650243,0.36,0.36,12.15,100.0,0.0036108077833857917,0.16450448768547662
13120,650714,0.37,0.37,11.99,100.0,0.0036061798065617047,0.16447877670312058
13130,651214,0.4,0.4,11.99,100.0,0.0036012668799968546,0.1644514826666492
13140,651706,0.39,0.39,12.07,100.0,0.003596432560257044,0.16442462533476135
13150,652206,0.43,0.43,12.39,100.0,0.0035915196336921947,0.16439733129828998
13160,652698,0.43,0.43,12.47,100.0,0.0035866853139523832,0.16437047396640214
13170,653198,0.4,0.4,12.73,100.0,0.003581772387387534,0.16434317992993075
13180,653698,0.43,0.43,12.85,100.0,0.0035768594608226855,0.16431588589345936
13190,654198,0.4,0.4,12.95,100.0,0.003571946534257836,0.16428859185698796
13200,654698,0.38,0.38,12.87,100.0,0.0035670336076929878,0.1642612978205166
13210,655198,0.39,0.39,12.83,100.0,0.0035621206811281385,0.1642340037840452
13220,655673,0.39,0.39,13.34,100.0,0.0035574534008915313,0.1642080744493974
13230,656156,0.4,0.4,12.82,100.0,0.003552707513829887,0.16418170841016605
13240,656642,0.44,0.44,12.79,100.0,0.0035479321492088546,0.16415517860671586
13250,657125,0.39,0.39,12.81,100.0,0.0035431862621472104,0.16412881256748452
13260,657621,0.37,0.37,12.75,100.0,0.0035383126389948805,0.1641017368833049
13270,658105,0.38,0.38,12.44,100.0,0.003533556926080106,0.16407531625600058
13280,658605,0.37,0.37,12.49,100.0,0.0035286439995152576,0.16404802221952922
13290,659081,0.38,0.38,12.26,100.0,0.003523966893425521,0.16402203829680845
13300,659581,0.41,0.41,12.4,100.0,0.0035190539668606725,0.16399474426033706
13310,660081,0.41,0.41,12.74,100.0,0.0035141410402958224,0.1639674502238657
13320,660581,0.45,0.45,13.35,100.0,0.003509228113730974,0.1639401561873943
13330,661081,0.4,0.4,13.05,100.0,0.0035043151871661255,0.16391286215092293
13340,661581,0.36,0.36,12.89,100.0,0.0034994022606012762,0.16388556811445154
13350,662072,0.38,0.38,12.85,100.0,0.003494577766714594,0.16385876537063665
13360,662562,0.37,0.37,13.01,100.0,0.0034897630986810424,0.16383201721489468
13370,663062,0.38,0.38,13.19,100.0,0.003484850172116193,0.1638047231784233
13380,663553,0.37,0.37,13.73,100.0,0.003480025678229512,0.1637779204346084
13390,664044,0.36,0.36,13.79,100.0,0.00347520118434283,0.1637511176907935
13400,664529,0.33,0.33,13.81,100.0,0.003470435645574926,0.16372464247541627
13410,665029,0.32,0.32,13.62,100.0,0.0034655227190100776,0.16369734843894487
13420,665529,0.27,0.27,13.63,100.0,0.003460609792445229,0.1636700544024735
13430,666014,0.27,0.27,14.16,100.0,0.0034558442536773253,0.16364357918709627
13440,666514,0.27,0.27,13.92,100.0,0.003450931327112476,0.16361628515062487
13450,667014,0.26,0.26,13.74,100.0,0.0034460184005476267,0.16358899111415348
13460,667511,0.3,0.3,13.59,100.0,0.0034411349515421664,0.16356186084190094
13470,668000,0.28,0.28,13.99,100.0,0.003436330109361745,0.16353516727423192
13480,668480,0.27,0.27,13.94,100.0,0.00343161369985949,0.16350896499921938
13490,668980,0.3,0.3,13.82,100.0,0.0034267007732946405,0.16348167096274802
13500,669469,0.3,0.3,13.74,100.0,0.003421895931114218,0.163454977395079
13510,669939,0.3,0.3,13.55,100.0,0.0034172777801432606,0.16342932100079588
13520,670418,0.35,0.35,13.6,100.0,0.003412571196494135,0.16340317331385631
13530,670910,0.34,0.34,13.64,100.0,0.0034077368767543234,0.16337631598196847
13540,671383,0.35,0.35,13.22,100.0,0.0034030892482239767,0.16335049582346653
13550,671882,0.34,0.34,13.41,100.0,0.003398186147512257,0.1633232563750681
13560,672380,0.31,0.31,13.75,100.0,0.003393292872653668,0.1632960715147426
13570,672880,0.35,0.35,13.79,100.0,0.003388379946088818,0.1632687774782712
13580,673378,0.39,0.39,14.25,100.0,0.003383486671230229,0.1632415926179457
13590,673874,0.37,0.37,14.21,100.0,0.0033786130480778984,0.1632145169337661
13600,674362,0.36,0.36,14.07,100.0,0.0033738180317506054,0.16318787795417003
13610,674853,0.35,0.35,14.21,100.0,0.0033689935378639242,0.16316107521035514
13620,675353,0.34,0.34,14.46,100.0,0.003364080611299076,0.16313378117388375
13630,675850,0.35,0.35,14.2,100.0,0.0033591971622936156,0.1631066509016312
13640,676343,0.36,0.36,13.75,100.0,0.0033543530167006747,0.1630797389816704
13650,676839,0.41,0.41,14.4,100.0,0.003349479393548344,0.1630526632974908
13660,677325,0.43,0.43,14.71,100.0,0.0033447040289273115,0.1630261334940406
13670,677825,0.4,0.4,15.16,100.0,0.003339791102362462,0.16299883945756924
13680,678319,0.39,0.39,14.49,100.0,0.003334937130916392,0.16297187294953552
13690,678819,0.43,0.43,14.21,100.0,0.0033300242043515418,0.16294457891306413
13700,679313,0.47,0.47,14.31,100.0,0.0033251702329054715,0.1629176124050304
13710,679813,0.49,0.49,14.12,100.0,0.003320257306340622,0.16289031836855902
13720,680313,0.5,0.5,14.42,100.0,0.0033153443797757738,0.16286302433208763
13730,680813,0.54,0.54,14.27,100.0,0.0033104314532109245,0.16283573029561624
13740,681313,0.56,0.56,13.75,100.0,0.003305518526646075,0.16280843625914487
13750,681813,0.54,0.54,13.49,100.0,0.0033006056000812268,0.16278114222267348
13760,682311,0.56,0.56,14.26,100.0,0.0032957123252226363,0.162753957362348
13770,682796,0.59,0.59,13.91,100.0,0.0032909467864547333,0.16272748214697075
13780,683287,0.55,0.55,13.75,100.0,0.003286122292568051,0.16270067940315586
13790,683770,0.52,0.52,13.92,100.0,0.003281376405506407,0.1626743133639245
13800,684261,0.5,0.5,14.41,100.0,0.003276551911619726,0.1626475106201096
13810,684759,0.49,0.49,14.47,100.0,0.003271658636761136,0.16262032575978408
13820,685249,0.48,0.48,14.38,100.0,0.0032668439687275844,0.16259357760404214
13830,685747,0.45,0.45,14.79,100.0,0.003261950693868995,0.16256639274371665
13840,686228,0.39,0.39,14.79,100.0,0.0032572244585136103,0.16254013588063115
13850,686728,0.38,0.38,15.02,100.0,0.00325231153194876,0.1625128418441598
13860,687222,0.34,0.34,15.19,100.0,0.00324745756050269,0.16248587533612605
13870,687722,0.3,0.3,15.06,100.0,0.0032425446339378406,0.16245858129965468
13880,688219,0.31,0.31,15.18,100.0,0.0032376611849323804,0.1624314510274021
13890,688714,0.3,0.3,15.78,100.0,0.0032327973876331807,0.16240442993129545
13900,689197,0.3,0.3,15.13,100.0,0.0032280515005715365,0.1623780638920641
13910,689678,0.33,0.33,15.07,100.0,0.003223325265216152,0.1623518070289786
13920,690165,0.31,0.31,14.34,100.0,0.0032185400747419884,0.1623252226374555
13930,690625,0.3,0.3,14.08,100.0,0.0032140201823023275,0.16230011212390183
13940,691110,0.33,0.33,14.27,100.0,0.0032092546435344245,0.1622736369085246
13950,691597,0.3,0.3,14.21,100.0,0.0032044694530602618,0.16224705251700144
13960,692087,0.32,0.32,14.48,100.0,0.003199654785026709,0.1622203043612595
13970,692587,0.31,0.31,14.47,100.0,0.0031947418584618607,0.1621930103247881
13980,693077,0.3,0.3,14.29,100.0,0.003189927190428308,0.16216626216904617
13990,693564,0.31,0.31,14.29,100.0,0.0031851419999541454,0.16213967777752303
14000,694043,0.31,0.31,14.2,100.0,0.0031804354163050197,0.16211353009058344
14010,694543,0.27,0.27,14.23,100.0,0.0031755224897401712,0.16208623605411207
14020,695028,0.25,0.25,14.13,100.0,0.0031707569509722673,0.16205976083873483
14030,695523,0.27,0.27,13.99,100.0,0.003165893153673067,0.16203273974262816
14040,696019,0.3,0.3,13.95,100.0,0.003161019530520737,0.16200566405844855
14050,696500,0.32,0.32,13.82,100.0,0.0031562932951653523,0.16197940719536308
14060,696996,0.3,0.3,13.5,100.0,0.0031514196720130215,0.16195233151118346
14070,697486,0.31,0.31,13.74,100.0,0.0031466050039794706,0.1619255833554415
14080,697966,0.32,0.32,13.84,100.0,0.0031418885944772146,0.16189938108042898
14090,698461,0.34,0.34,13.94,100.0,0.003137024797178014,0.1618723599843223
14100,698942,0.35,0.35,13.49,100.0,0.0031322985618226296,0.16184610312123682
14110,699442,0.37,0.37,13.43,100.0,0.003127385635257781,0.16181880908476545
14120,699942,0.36,0.36,13.32,100.0,0.003122472708692931,0.16179151504829406
14130,700439,0.4,0.4,13.59,100.0,0.0031175892596874717,0.16176438477604152
14140,700939,0.42,0.42,12.78,100.0,0.0031126763331226224,0.16173709073957013
14150,701427,0.44,0.44,13.17,100.0,0.0031078813167953303,0.16171045175997406
14160,701923,0.49,0.49,12.61,100.0,0.0031030076936430003,0.16168337607579444
14170,702423,0.52,0.52,12.7,100.0,0.003098094767078151,0.16165608203932305
14180,702908,0.56,0.56,12.52,100.0,0.003093329228310247,0.1616296068239458
14190,703376,0.53,0.53,12.86,100.0,0.0030887307290455492,0.1616040596058086
14200,703865,0.52,0.52,12.54,100.0,0.003083925886865127,0.1615773660381396
14210,704356,0.49,0.49,12.52,100.0,0.003079101392978445,0.16155056329432468
14220,704827,0.51,0.51,12.68,100.0,0.003074473416154357,0.16152485231196864
14230,705327,0.43,0.43,12.68,100.0,0.0030695604895895085,0.16149755827549728
14240,705821,0.37,0.37,12.47,100.0,0.0030647065181434374,0.16147059176746353
14250,706321,0.38,0.38,12.13,100.0,0.003059793591578588,0.16144329773099214
14260,706817,0.37,0.37,11.79,100.0,0.003054919968426258,0.16141622204681255
14270,707317,0.34,0.34,11.84,100.0,0.003050007041861409,0.16138892801034116
14280,707811,0.28,0.28,11.89,100.0,0.0030451530704153386,0.16136196150230744
14290,708311,0.3,0.3,12.05,100.0,0.0030402401438504893,0.16133466746583605
14300,708800,0.28,0.28,12.34,100.0,0.003035435301670067,0.16130797389816703
14310,709300,0.28,0.28,12.37,100.0,0.0030305223751052176,0.16128067986169564
14320,709800,0.28,0.28,12.31,100.0,0.003025609448540369,0.16125338582522428
14330,710300,0.31,0.31,12.47,100.0,0.00302069652197552,0.16122609178875288
14340,710786,0.3,0.3,12.61,100.0,0.0030159211573544866,0.16119956198530272
14350,711275,0.3,0.3,12.79,100.0,0.003011116315174065,0.1611728684176337
14360,711765,0.26,0.26,12.77,100.0,0.0030063016471405125,0.16114612026189173
14370,712251,0.27,0.27,12.99,100.0,0.003001526282519479,0.16111959045844154
14380,712751,0.31,0.31,13.46,100.0,0.00299661335595463,0.16109229642197018
14390,713242,0.29,0.29,13.38,100.0,0.0029917888620679487,0.16106549367815526
14400,713742,0.29,0.29,13.39,100.0,0.0029868759355030994,0.1610381996416839
14410,714234,0.32,0.32,13.3,100.0,0.002982041615763288,0.16101134230979605
14420,714734,0.31,0.31,13.66,100.0,0.0029771286891984387,0.16098404827332466
14430,715234,0.29,0.29,13.78,100.0,0.0029722157626335902,0.1609567542368533
14440,715734,0.32,0.32,13.64,100.0,0.002967302836068741,0.1609294602003819
14450,716234,0.31,0.31,13.6,100.0,0.0029623899095038925,0.1609021661639105
14460,716720,0.31,0.31,13.87,100.0,0.0029576145448828584,0.16087563636046032
14470,717220,0.3,0.3,13.91,100.0,0.00295270161831801,0.16084834232398895
14480,717713,0.27,0.27,13.88,100.0,0.002947857472725069,0.16082143040402816
14490,718187,0.29,0.29,13.41,100.0,0.002943200018341592,0.1607955556574533
14500,718687,0.3,0.3,13.19,100.0,0.002938287091776743,0.1607682616209819
14510,719172,0.31,0.31,13.6,100.0,0.002933521553008839,0.16074178640560466
14520,719666,0.35,0.35,13.18,100.0,0.002928667581562768,0.16071481989757094
14530,720165,0.38,0.38,13.11,100.0,0.0029237644808510497,0.1606875804491725
14540,720661,0.35,0.35,13.14,100.0,0.0029188908576987197,0.16066050476499288
14550,721151,0.33,0.33,13.12,100.0,0.002914076189665167,0.16063375660925094
14560,721636,0.36,0.36,13.53,100.0,0.002909310650897264,0.1606072813938737
14570,722107,0.36,0.36,13.61,100.0,0.002904682674073176,0.16058157041151766
14580,722607,0.41,0.41,14.1,100.0,0.002899769747508327,0.16055427637504627
14590,723071,0.4,0.4,14.55,100.0,0.0028952105516561466,0.16052894750920083
14600,723563,0.39,0.39,14.61,100.0,0.002890376231916335,0.16050209017731298
14610,724054,0.36,0.36,14.81,100.0,0.002885551738029654,0.1604752874334981
14620,724554,0.31,0.31,14.86,100.0,0.0028806388114648047,0.1604479933970267
14630,725050,0.3,0.3,15.0,100.0,0.0028757651883124747,0.16042091771284708
14640,725550,0.33,0.33,14.96,100.0,0.0028708522617476254,0.1603936236763757
14650,726039,0.37,0.37,15.25,100.0,0.002866047419567204,0.16036693010870667
14660,726537,0.36,0.36,15.1,100.0,0.0028611541447086134,0.16033974524838118
14670,727037,0.38,0.38,14.9,100.0,0.002856241218143764,0.1603124512119098
14680,727523,0.35,0.35,15.02,100.0,0.0028514658535227317,0.16028592140845963
14690,728009,0.36,0.36,13.89,100.0,0.0028466904889016985,0.16025939160500943
14700,728498,0.39,0.39,14.13,100.0,0.002841885646721276,0.16023269803734042
14710,728998,0.42,0.42,14.05,100.0,0.002836972720156427,0.16020540400086902
14720,729487,0.44,0.44,13.96,100.0,0.0028321678779760044,0.16017871043320003
14730,729986,0.42,0.42,13.89,100.0,0.0028272647772642845,0.1601514709848016
14740,730486,0.41,0.41,13.75,100.0,0.002822351850699436,0.1601241769483302
14750,730986,0.35,0.35,13.74,100.0,0.0028174389241345877,0.1600968829118588
14760,731475,0.33,0.33,13.84,100.0,0.0028126340819541653,0.16007018934418982
14770,731973,0.33,0.33,13.92,100.0,0.002807740807095575,0.1600430044838643
14780,732470,0.29,0.29,13.92,100.0,0.0028028573580901155,0.16001587421161176
14790,732970,0.26,0.26,13.92,100.0,0.002797944431525266,0.15998858017514037
14800,733470,0.23,0.23,13.91,100.0,0.0027930315049604177,0.159961286138669
14810,733960,0.21,0.21,14.03,100.0,0.002788216836926865,0.15993453798292703
14820,734460,0.18,0.18,14.03,100.0,0.0027833039103620167,0.15990724394645564
14830,734925,0.19,0.19,14.04,100.0,0.002778734888656707,0.15988186049253728
14840,735419,0.18,0.18,14.22,100.0,0.002773880917210636,0.15985489398450353
14850,735907,0.2,0.2,14.12,100.0,0.002769085900883343,0.15982825500490747
14860,736396,0.21,0.21,14.12,100.0,0.0027642810587029214,0.15980156143723845
14870,736885,0.22,0.22,13.84,100.0,0.002759476216522499,0.15977486786956943
14880,737385,0.28,0.28,14.19,100.0,0.0027545632899576506,0.15974757383309807
14890,737885,0.32,0.32,14.18,100.0,0.0027496503633928004,0.15972027979662667
14900,738372,0.32,0.32,13.88,100.0,0.0027448651729186377,0.15969369540510353
14910,738855,0.33,0.33,13.88,100.0,0.0027401192858569935,0.1596673293658722
14920,739355,0.36,0.36,14.06,100.0,0.002735206359292145,0.1596400353294008
14930,739855,0.39,0.39,13.82,100.0,0.0027302934327272967,0.15961274129292943
14940,740355,0.39,0.39,14.06,100.0,0.0027253805061624465,0.15958544725645804
14950,740847,0.42,0.42,13.94,100.0,0.002720546186422635,0.1595585899245702
14960,741344,0.44,0.44,13.5,100.0,0.0027156627374171757,0.15953145965231763
14970,741821,0.42,0.42,13.73,100.0,0.0027109758054743097,0.15950542114152394
14980,742308,0.39,0.39,14.04,100.0,0.002706190615000147,0.15947883675000082
14990,742808,0.36,0.36,13.86,100.0,0.0027012776884352977,0.15945154271352943
15000,743296,0.38,0.38,13.82,100.0,0.0026964826721080047,0.15942490373393337
15010,743786,0.38,0.38,14.35,100.0,0.002691668004074453,0.1593981555781914
15020,744280,0.39,0.39,14.76,100.0,0.002686814032628382,0.15937118907015768
15030,744777,0.39,0.39,15.07,100.0,0.0026819305836229225,0.15934405879790514
15040,745261,0.41,0.41,15.6,100.0,0.002677174870708149,0.15931763817060082
15050,745759,0.4,0.4,15.73,100.0,0.0026722815958495592,0.15929045331027533
15060,746255,0.4,0.4,15.45,100.0,0.0026674079726972293,0.15926337762609571
15070,746737,0.41,0.41,15.13,100.0,0.0026626719114887136,0.1592370661749373
15080,747218,0.41,0.41,15.01,100.0,0.00265794567613333,0.15921080931185183
15090,747715,0.41,0.41,14.58,100.0,0.0026530622271278698,0.1591836790395993
15100,748200,0.42,0.42,14.52,100.0,0.002648296688359966,0.15915720382422205
15110,748690,0.41,0.41,14.84,100.0,0.002643482020326414,0.15913045566848008
15120,749166,0.42,0.42,15.64,100.0,0.0026388049142366775,0.1591044717457593
15130,749645,0.39,0.39,15.54,100.0,0.0026340983305875526,0.15907832405881975
15140,750122,0.38,0.38,15.57,100.0,0.0026294113986446866,0.15905228554802603
15150,750609,0.36,0.36,15.62,100.0,0.002624626208170524,0.1590257011565029
15160,751108,0.35,0.35,15.4,100.0,0.002619723107458804,0.15899846170810447
15170,751602,0.32,0.32,15.02,100.0,0.0026148691360127338,0.15897149520007076
15180,752090,0.33,0.33,15.3,100.0,0.0026100741196854417,0.15894485622047466
15190,752590,0.34,0.34,15.05,100.0,0.0026051611931205915,0.1589175621840033
15200,753086,0.31,0.31,15.19,100.0,0.0026002875699682616,0.15889048649982368
15210,753569,0.33,0.33,15.77,100.0,0.0025955416829066174,0.1588641204605923
15220,754060,0.32,0.32,15.74,100.0,0.002590717189019936,0.15883731771677742
15230,754547,0.33,0.33,15.57,100.0,0.0025859319985457735,0.1588107333252543
15240,755047,0.34,0.34,15.53,100.0,0.0025810190719809233,0.1587834392887829
15250,755547,0.33,0.33,14.97,100.0,0.002576106145416075,0.15875614525231152
15260,756040,0.35,0.35,15.01,100.0,0.002571261999823134,0.15872923333235076
15270,756516,0.38,0.38,14.78,100.0,0.0025665848937333983,0.15870324940963
15280,756999,0.37,0.37,14.73,100.0,0.002561839006671754,0.15867688337039865
15290,757499,0.34,0.34,14.48,100.0,0.002556926080106904,0.15864958933392725
15300,757999,0.37,0.37,14.73,100.0,0.0025520131535420555,0.15862229529745586
15310,758484,0.39,0.39,14.79,100.0,0.0025472476147741516,0.15859582008207862
15320,758978,0.39,0.39,15.08,100.0,0.0025423936433280813,0.1585688535740449
15330,759464,0.4,0.4,15.0,100.0,0.002537618278707048,0.1585423237705947
15340,759964,0.4,0.4,14.75,100.0,0.0025327053521421988,0.15851502973412332
15350,760441,0.41,0.41,15.08,100.0,0.0025280184201993336,0.15848899122332963
15360,760941,0.38,0.38,14.99,100.0,0.0025231054936344834,0.15846169718685824
15370,761441,0.41,0.41,15.02,100.0,0.002518192567069635,0.15843440315038687
15380,761941,0.43,0.43,15.17,100.0,0.0025132796405047866,0.15840710911391548
15390,762441,0.46,0.46,15.25,100.0,0.0025083667139399364,0.15837981507744409
15400,762934,0.43,0.43,15.38,100.0,0.0025035225683469964,0.15835290315748332
15410,763408,0.44,0.44,15.13,100.0,0.0024988651139635195,0.15832702841090845
15420,763906,0.47,0.47,15.19,100.0,0.00249397183910493,0.15829984355058294
15430,764406,0.49,0.49,15.14,100.0,0.0024890589125400805,0.15827254951411157
15440,764900,0.5,0.5,14.74,100.0,0.0024842049410940094,0.15824558300607783
15450,765400,0.53,0.53,14.59,100.0,0.002479292014529161,0.15821828896960644
15460,765898,0.53,0.53,14.55,100.0,0.0024743987396705714,0.15819110410928094
15470,766396,0.48,0.48,14.1,100.0,0.0024695054648119818,0.15816391924895545
15480,766889,0.48,0.48,13.8,100.0,0.00246466131921904,0.15813700732899466
15490,767389,0.46,0.46,13.66,100.0,0.0024597483926541916,0.1581097132925233
15500,767887,0.49,0.49,13.36,100.0,0.002454855117795602,0.15808252843219778
15510,768382,0.46,0.46,13.81,100.0,0.0024499913204964014,0.1580555073360911
15520,768882,0.41,0.41,14.12,100.0,0.002445078393931553,0.15802821329961975
15530,769365,0.37,0.37,14.18,100.0,0.002440332506869909,0.15800184726038838
15540,769858,0.35,0.35,14.57,100.0,0.002435488361276967,0.15797493534042759
15550,770357,0.32,0.32,14.75,100.0,0.002430585260565248,0.15794769589202917
15560,770857,0.33,0.33,14.75,100.0,0.0024256723340003988,0.15792040185555778
15570,771351,0.35,0.35,14.58,100.0,0.0024208183625543276,0.15789343534752404
15580,771851,0.33,0.33,14.56,100.0,0.002415905435989479,0.15786614131105267
15590,772351,0.33,0.33,14.65,100.0,0.0024109925094246308,0.15783884727458128
15600,772848,0.32,0.32,14.12,100.0,0.0024061090604191706,0.1578117170023287
15610,773333,0.29,0.29,14.36,100.0,0.0024013435216512667,0.15778524178695147
15620,773833,0.3,0.3,14.14,100.0,0.0023964305950864183,0.1577579477504801
15630,774333,0.29,0.29,14.21,100.0,0.002391517668521568,0.1577306537140087
15640,774816,0.3,0.3,13.97,100.0,0.002386771781459924,0.15770428767477734
15650,775300,0.3,0.3,13.83,100.0,0.002382016068545151,0.15767786704747305
15660,775796,0.32,0.32,13.82,100.0,0.0023771424453928203,0.15765079136329346
15670,776296,0.3,0.3,13.98,100.0,0.002372229518827972,0.15762349732682207
15680,776790,0.32,0.32,14.64,100.0,0.0023673755473819016,0.15759653081878833
15690,777275,0.35,0.35,15.03,100.0,0.0023626100086139978,0.15757005560341109
15700,777775,0.35,0.35,14.64,100.0,0.0023576970820491485,0.15754276156693972
15710,778265,0.37,0.37,14.94,100.0,0.002352882414015596,0.15751601341119775
15720,778753,0.41,0.41,14.0,100.0,0.0023480873976883037,0.1574893744316017
15730,779253,0.43,0.43,14.08,100.0,0.0023431744711234544,0.1574620803951303
15740,779746,0.4,0.4,14.21,100.0,0.0023383303255305136,0.15743516847516953
15750,780226,0.38,0.38,14.16,100.0,0.0023336139160282585,0.15740896620015699
15760,780718,0.38,0.38,14.66,100.0,0.002328779596288447,0.15738210886826914
15770,781193,0.42,0.42,14.94,100.0,0.00232411231605184,0.15735617953362133
15780,781693,0.41,0.41,14.95,100.0,0.0023191993894869914,0.15732888549714996
15790,782193,0.41,0.41,14.74,100.0,0.002314286462922143,0.15730159146067857
15800,782693,0.41,0.41,14.82,100.0,0.0023093735363572928,0.15727429742420718
15810,783193,0.42,0.42,14.52,100.0,0.0023044606097924443,0.1572470033877358
15820,783681,0.38,0.38,14.04,100.0,0.0022996655934651514,0.15722036440813975
15830,784181,0.39,0.39,14.31,100.0,0.002294752666900303,0.15719307037166835
15840,784659,0.39,0.39,13.95,100.0,0.0022900559091043075,0.1571669772728017
15850,785159,0.42,0.42,13.98,100.0,0.002285142982539459,0.15713968323633032
15860,785659,0.43,0.43,13.64,100.0,0.002280230055974609,0.15711238919985893
15870,786157,0.43,0.43,13.27,100.0,0.0022753367811160193,0.15708520433953344
15880,786642,0.41,0.41,13.55,100.0,0.0022705712423481163,0.1570587291241562
15890,787109,0.39,0.39,13.25,100.0,0.002265982568936547,0.15703323649409193
15900,787589,0.36,0.36,13.22,100.0,0.0022612661594342926,0.1570070342190794
15910,788074,0.33,0.33,13.05,100.0,0.0022565006206663888,0.15698055900370217
15920,788566,0.33,0.33,12.99,100.0,0.0022516663009265773,0.15695370167181433
15930,789066,0.34,0.34,12.74,100.0,0.002246753374361729,0.15692640763534293
15940,789566,0.36,0.36,12.71,100.0,0.0022418404477968787,0.15689911359887154
15950,790061,0.34,0.34,13.02,100.0,0.002236976650497679,0.15687209250276488
15960,790534,0.32,0.31,12.72,100.0,0.0022323290219673315,0.15684627234426296
15970,791030,0.28,0.27,12.51,100.0,0.0022274553988150007,0.15681919666008334
15980,791530,0.29,0.28,12.58,100.0,0.0022225424722501523,0.15679190262361195
15990,792027,0.3,0.29,12.09,100.0,0.002217659023244692,0.1567647723513594
16000,792515,0.34,0.33,11.94,100.0,0.0022128640069174,0.15673813337176334
16010,793005,0.32,0.31,11.94,100.0,0.002208049338883848,0.15671138521602138
16020,793505,0.37,0.36,11.78,100.0,0.0022031364123189998,0.15668409117955
16030,793993,0.38,0.37,11.9,100.0,0.002198341395991707,0.15665745219995392
16040,794487,0.37,0.36,11.61,100.0,0.0021934874245456357,0.1566304856919202
16050,794979,0.38,0.37,11.09,100.0,0.002188653104805824,0.15660362836003236
16060,795465,0.36,0.36,11.39,100.0,0.002183877740184791,0.15657709855658217
16070,795960,0.39,0.39,11.42,100.0,0.0021790139428855913,0.1565500774604755
16080,796454,0.39,0.39,11.71,100.0,0.0021741599714395193,0.15652311095244179
16090,796950,0.44,0.44,11.65,100.0,0.00216928634828719,0.15649603526826217
16100,797444,0.4,0.4,11.81,100.0,0.002164432376841118,0.15646906876022842
16110,797944,0.47,0.47,11.67,100.0,0.0021595194502762698,0.15644177472375706
16120,798444,0.42,0.42,11.77,100.0,0.0021546065237114196,0.15641448068728567
16130,798944,0.4,0.4,11.66,100.0,0.002149693597146571,0.1563871866508143
16140,799423,0.41,0.41,11.74,100.0,0.0021449870134974455,0.1563610389638747
16150,799917,0.39,0.39,11.73,100.0,0.002140133042051375,0.15633407245584097
16160,800416,0.4,0.4,11.57,100.0,0.002135229941339656,0.15630683300744252
16170,800887,0.38,0.38,11.53,100.0,0.0021306019645155674,0.15628112202508648
16180,801387,0.39,0.39,11.68,100.0,0.002125689037950719,0.15625382798861512
16190,801885,0.33,0.33,11.81,100.0,0.0021207957630921294,0.1562266431282896
16200,802385,0.34,0.34,11.82,100.0,0.002115882836527281,0.15619934909181823
16210,802870,0.3,0.3,12.16,100.0,0.002111117297759377,0.156172873876441
16220,803343,0.29,0.29,12.06,100.0,0.0021064696692290295,0.15614705371793905
16230,803830,0.27,0.27,11.95,100.0,0.002101684478754867,0.15612046932641593
16240,804326,0.28,0.28,12.34,100.0,0.0020968108556025378,0.15609339364223632
16250,804816,0.31,0.31,12.7,100.0,0.002091996187568985,0.15606664548649435
16260,805306,0.35,0.35,12.34,100.0,0.0020871815195354325,0.1560398973307524
16270,805805,0.35,0.35,12.42,100.0,0.0020822784188237135,0.15601265788235397
16280,806305,0.33,0.33,12.43,100.0,0.002077365492258865,0.15598536384588257
16290,806784,0.33,0.33,12.46,100.0,0.0020726589086097393,0.15595921615894298
16300,807276,0.35,0.35,12.96,100.0,0.002067824588869928,0.15593235882705514
16310,807772,0.35,0.35,13.47,100.0,0.002062950965717597,0.15590528314287555
16320,808272,0.36,0.36,13.73,100.0,0.0020580380391527486,0.15587798910640416
16330,808772,0.37,0.37,13.81,100.0,0.0020531251125879,0.15585069506993277
16340,809266,0.37,0.37,13.8,100.0,0.00204827114114183,0.15582372856189905
16350,809766,0.34,0.34,13.94,100.0,0.0020433582145769798,0.15579643452542766
16360,810266,0.31,0.31,13.6,100.0,0.0020384452880121313,0.1557691404889563
16370,810766,0.28,0.28,13.6,100.0,0.002033532361447283,0.1557418464524849
16380,811266,0.3,0.3,14.03,100.0,0.0020286194348824328,0.1557145524160135
16390,811758,0.3,0.3,14.25,100.0,0.0020237851151426213,0.15568769508412567
16400,812253,0.29,0.29,14.06,100.0,0.0020189213178434216,0.155660673988019
16410,812753,0.31,0.31,14.2,100.0,0.002014008391278573,0.15563337995154763
16420,813241,0.29,0.29,14.15,100.0,0.0020092133749512794,0.15560674097195154
16430,813741,0.28,0.28,13.76,100.0,0.002004300448386431,0.15557944693548018
16440,814237,0.27,0.27,13.66,100.0,0.0019994268252341,0.15555237125130056
16450,814737,0.32,0.32,13.74,100.0,0.0019945138986692517,0.15552507721482917
16460,815237,0.31,0.31,13.96,100.0,0.0019896009721044033,0.1554977831783578
16470,815721,0.33,0.33,14.11,100.0,0.001984845259189629,0.15547136255105348
16480,816221,0.33,0.33,13.89,100.0,0.0019799323326247786,0.15544406851458212
16490,816718,0.32,0.32,13.73,100.0,0.0019750488836193184,0.15541693824232955
16500,817218,0.35,0.35,13.38,100.0,0.00197013595705447,0.15538964420585816
16510,817716,0.31,0.31,13.5,100.0,0.0019652426821958804,0.15536245934553267
16520,818210,0.33,0.33,13.93,100.0,0.00196038871074981,0.15533549283749895
16530,818710,0.38,0.38,14.45,100.0,0.00195547578418496,0.15530819880102756
16540,819188,0.39,0.39,14.3,100.0,0.0019507790263889654,0.15528210570216092
16550,819688,0.37,0.37,14.13,100.0,0.001945866099824117,0.15525481166568955
16560,820140,0.37,0.37,14.12,100.0,0.0019414248142094921,0.1552301378567194
16570,820640,0.36,0.36,14.13,100.0,0.0019365118876446437,0.15520284382024802
16580,821123,0.37,0.37,13.81,100.0,0.0019317660005830004,0.15517647778101668
16590,821623,0.42,0.42,13.87,100.0,0.001926853074018152,0.15514918374454528
16600,822115,0.38,0.38,14.06,100.0,0.0019220187542783405,0.15512232641265744
16610,822612,0.42,0.42,13.84,100.0,0.0019171353052728785,0.1550951961404049
16620,823094,0.43,0.43,13.51,100.0,0.0019123992440643646,0.15506888468924648
16630,823581,0.41,0.41,13.44,100.0,0.001907614053590202,0.15504230029772334
16640,824080,0.44,0.44,13.25,100.0,0.0019027109528784829,0.1550150608493249
16650,824580,0.45,0.45,13.66,100.0,0.0018977980263136345,0.15498776681285353
16660,825079,0.47,0.47,14.13,100.0,0.0018928949256019154,0.1549605273644551
16670,825579,0.51,0.51,14.35,100.0,0.0018879819990370653,0.1549332333279837
16680,826076,0.51,0.51,14.81,100.0,0.001883098550031605,0.15490610305573116
16690,826569,0.46,0.46,14.65,100.0,0.0018782544044386642,0.15487919113577037
16700,827063,0.47,0.47,15.25,100.0,0.001873400432992594,0.15485222462773662
16710,827555,0.45,0.45,15.18,100.0,0.0018685661132527825,0.15482536729584878
16720,828045,0.46,0.46,15.2,100.0,0.0018637514452192298,0.15479861914010684
16730,828545,0.43,0.43,15.3,100.0,0.0018588385186543814,0.15477132510363545
16740,829045,0.37,0.37,15.69,100.0,0.001853925592089533,0.15474403106716406
16750,829535,0.34,0.34,15.61,100.0,0.0018491109240559803,0.15471728291142212
16760,830026,0.33,0.33,15.9,100.0,0.0018442864301692983,0.15469048016760722
16770,830524,0.34,0.34,16.24,100.0,0.0018393931553107087,0.15466329530728173
16780,831000,0.3,0.3,16.14,100.0,0.001834716049220973,0.15463731138456097
16790,831500,0.35,0.35,15.56,100.0,0.0018298031226561227,0.15461001734808957
16800,831966,0.34,0.34,15.41,100.0,0.0018252242750976845,0.15458457930609826
16810,832444,0.35,0.35,15.59,100.0,0.00182052751730169,0.15455848620723162
16820,832922,0.32,0.32,15.5,100.0,0.0018158307595056936,0.15453239310836497
16830,833422,0.34,0.34,15.52,100.0,0.0018109178329408435,0.15450509907189358
16840,833922,0.38,0.38,15.6,100.0,0.001806004906375995,0.1544778050354222
16850,834422,0.4,0.4,15.57,100.0,0.0018010919798111466,0.15445051099895082
16860,834908,0.38,0.38,15.63,100.0,0.0017963166151901133,0.15442398119550063
16870,835407,0.36,0.36,15.33,100.0,0.0017914135144783926,0.1543967417471022
16880,835883,0.39,0.39,15.13,100.0,0.0017867364083886568,0.15437075782438142
16890,836383,0.35,0.35,15.39,100.0,0.0017818234818238084,0.15434346378791006
16900,836878,0.38,0.37,14.97,100.0,0.0017769596845246087,0.1543164426918034
16910,837366,0.38,0.37,15.02,100.0,0.0017721646681973149,0.1542898037122073
16920,837861,0.37,0.36,15.29,100.0,0.0017673008708981152,0.15426278261610063
16930,838349,0.37,0.36,14.73,100.0,0.001762505854570823,0.15423614363650456
16940,838849,0.35,0.34,14.72,100.0,0.001757592928005973,0.15420884960003317
16950,839315,0.32,0.31,14.66,100.0,0.0017530140804475347,0.15418341155804186
16960,839815,0.32,0.31,14.58,100.0,0.0017481011538826863,0.1541561175215705
16970,840315,0.3,0.29,14.38,100.0,0.0017431882273178361,0.1541288234850991
16980,840813,0.3,0.29,14.36,100.0,0.0017382949524592465,0.1541016386247736
16990,841304,0.31,0.3,14.05,100.0,0.0017334704585725644,0.1540748358809587
17000,841788,0.28,0.28,14.01,100.0,0.00172871474565779,0.1540484152536544
17010,842261,0.25,0.25,13.94,100.0,0.0017240671171274442,0.15402259509515248
17020,842747,0.27,0.27,13.91,100.0,0.0017192917525064109,0.1539960652917023
17030,843240,0.25,0.25,14.05,100.0,0.00171444760691347,0.1539691533717415
17040,843735,0.24,0.24,13.48,100.0,0.0017095838096142686,0.15394213227563483
17050,844235,0.27,0.27,13.03,100.0,0.0017046708830494202,0.15391483823916344
17060,844735,0.27,0.27,13.12,100.0,0.0016997579564845718,0.15388754420269207
17070,845235,0.27,0.27,13.04,100.0,0.0016948450299197216,0.15386025016622068
17080,845735,0.28,0.28,13.0,100.0,0.0016899321033548732,0.1538329561297493
17090,846216,0.25,0.25,13.0,100.0,0.0016852058679994886,0.15380669926666382
17100,846693,0.25,0.25,12.98,100.0,0.0016805189360566235,0.15378066075587013
17110,847181,0.25,0.25,13.05,100.0,0.0016757239197293296,0.15375402177627406
17120,847677,0.26,0.26,13.16,100.0,0.0016708502965769988,0.15372694609209445
17130,848177,0.27,0.27,13.07,100.0,0.0016659373700121504,0.15369965205562305
17140,848677,0.28,0.28,13.25,100.0,0.001661024443447302,0.1536723580191517
17150,849153,0.26,0.26,13.4,100.0,0.0016563473373575645,0.15364637409643092
17160,849648,0.26,0.26,13.39,100.0,0.0016514835400583648,0.15361935300032425
17170,850148,0.28,0.28,13.42,100.0,0.0016465706134935146,0.15359205896385286
17180,850638,0.28,0.28,13.67,100.0,0.0016417559454599637,0.15356531080811092
17190,851138,0.32,0.32,13.89,100.0,0.0016368430188951153,0.15353801677163953
17200,851638,0.32,0.32,13.91,100.0,0.0016319300923302651,0.15351072273516814
17210,852138,0.4,0.4,13.9,100.0,0.0016270171657654167,0.15348342869869677
17220,852624,0.4,0.4,14.02,100.0,0.0016222418011443834,0.15345689889524658
17230,853120,0.41,0.41,14.48,100.0,0.0016173681779920526,0.15342982321106696
17240,853604,0.41,0.41,14.34,100.0,0.0016126124650772799,0.15340340258376267
17250,854104,0.44,0.44,14.28,100.0,0.0016076995385124297,0.15337610854729128
17260,854604,0.44,0.44,14.6,100.0,0.0016027866119475813,0.1533488145108199
17270,855104,0.42,0.42,14.45,100.0,0.0015978736853827329,0.15332152047434852
17280,855579,0.38,0.38,14.48,100.0,0.0015932064051461265,0.1532955911397007
17290,856063,0.34,0.34,14.52,100.0,0.001588450692231352,0.1532691705123964
17300,856555,0.34,0.34,14.23,100.0,0.0015836163724915406,0.15324231318050857
17310,857055,0.26,0.26,14.26,100.0,0.0015787034459266922,0.15321501914403718
17320,857555,0.27,0.27,14.52,100.0,0.001573790519361842,0.1531877251075658
17330,858051,0.29,0.28,14.37,100.0,0.001568916896209513,0.1531606494233862
17340,858550,0.32,0.31,14.2,100.0,0.0015640137954977939,0.15313340997498776
17350,859041,0.28,0.27,14.16,100.0,0.0015591893016111118,0.15310660723117284
17360,859541,0.27,0.26,14.16,100.0,0.0015542763750462617,0.15307931319470147
17370,860041,0.31,0.3,14.31,100.0,0.0015493634484814132,0.15305201915823008
17380,860541,0.35,0.34,14.56,100.0,0.0015444505219165648,0.1530247251217587
17390,861034,0.35,0.34,14.71,100.0,0.001539606376323624,0.1529978132017979
17400,861534,0.36,0.35,15.16,100.0,0.0015346934497587738,0.15297051916532653
17410,862031,0.38,0.37,15.18,100.0,0.0015298100007533136,0.15294338889307396
17420,862531,0.37,0.36,14.59,100.0,0.0015248970741884652,0.1529160948566026
17430,863017,0.33,0.33,14.63,100.0,0.0015201217095674319,0.1528895650531524
17440,863517,0.31,0.31,14.52,100.0,0.0015152087830025834,0.152862271016681
17450,864013,0.35,0.35,14.6,100.0,0.0015103351598502526,0.1528351953325014
17460,864504,0.34,0.34,14.68,100.0,0.0015055106659635723,0.1528083925886865
17470,865004,0.32,0.32,14.65,100.0,0.0015005977393987222,0.1527810985522151
17480,865499,0.31,0.31,15.23,100.0,0.0014957339420995225,0.15275407745610847
17490,865986,0.36,0.36,15.22,100.0,0.0014909487516253598,0.15272749306458533
17500,866468,0.37,0.37,14.95,100.0,0.0014862126904168441,0.1527011816134269
17510,866968,0.39,0.39,15.11,100.0,0.0014812997638519957,0.15267388757695555
17520,867467,0.37,0.37,15.15,100.0,0.0014763966631402767,0.1526466481285571
17530,867966,0.4,0.4,14.95,100.0,0.001471493562428556,0.15261940868015866
17540,868466,0.41,0.41,14.76,100.0,0.0014665806358637075,0.15259211464368727
17550,868941,0.38,0.38,14.76,100.0,0.0014619133556271011,0.15256618530903945
17560,869423,0.39,0.39,14.76,100.0,0.0014571772944185872,0.15253987385788104
17570,869905,0.4,0.4,15.09,100.0,0.0014524412332100733,0.15251356240672262
17580,870402,0.4,0.4,14.69,100.0,0.001447557784204613,0.15248643213447008
17590,870889,0.38,0.38,14.69,100.0,0.0014427725937304504,0.15245984774294694
17600,871389,0.37,0.37,15.12,100.0,0.0014378596671656002,0.15243255370647557
17610,871883,0.34,0.34,15.52,100.0,0.00143300569571953,0.15240558719844183
17620,872383,0.35,0.35,15.41,100.0,0.0014280927691546815,0.15237829316197046
17630,872847,0.35,0.35,15.34,100.0,0.0014235335733025004,0.152352964296125
17640,873334,0.31,0.31,15.45,100.0,0.0014187483828283377,0.15232637990460188
17650,873821,0.37,0.37,15.17,100.0,0.001413963192354175,0.15229979551307876
17660,874319,0.37,0.37,15.05,100.0,0.0014090699174955854,0.15227261065275327
17670,874794,0.39,0.39,14.73,100.0,0.001404402637258979,0.15224668131810543
17680,875294,0.39,0.39,14.41,100.0,0.0013994897106941306,0.15221938728163406
17690,875790,0.37,0.37,14.16,100.0,0.0013946160875417998,0.15219231159745444
17700,876288,0.41,0.41,14.4,100.0,0.0013897228126832101,0.15216512673712895
17710,876777,0.43,0.43,14.68,100.0,0.001384917970502787,0.15213843316945994
17720,877265,0.45,0.45,14.91,100.0,0.0013801229541754948,0.15211179418986387
17730,877757,0.43,0.43,14.82,100.0,0.0013752886344356834,0.15208493685797603
17740,878253,0.45,0.45,14.72,100.0,0.0013704150112833543,0.1520578611737964
17750,878753,0.45,0.45,14.03,100.0,0.0013655020847185041,0.15203056713732502
17760,879247,0.47,0.47,13.64,100.0,0.0013606481132724339,0.1520036006292913
17770,879731,0.44,0.44,13.3,100.0,0.0013558924003576594,0.151977180001987
17780,880212,0.44,0.44,13.3,100.0,0.0013511661650022749,0.15195092313890152
17790,880662,0.43,0.43,13.49,100.0,0.0013467445310939123,0.15192635850607727
17800,881162,0.42,0.42,13.35,100.0,0.0013418316045290622,0.15189906446960588
17810,881658,0.42,0.42,13.45,100.0,0.0013369579813767313,0.1518719887854263
17820,882150,0.41,0.41,13.57,100.0,0.00133212366163692,0.15184513145353845
17830,882642,0.43,0.43,13.65,100.0,0.0013272893418971102,0.1518182741216506
17840,883130,0.43,0.43,13.67,100.0,0.0013224943255698163,0.15179163514205454
17850,883617,0.4,0.4,13.62,100.0,0.0013177091350956537,0.15176505075053143
17860,884093,0.38,0.38,13.68,100.0,0.001313032029005918,0.15173906682781066
17870,884570,0.37,0.37,13.8,100.0,0.001308345097063051,0.15171302831701694
17880,885062,0.35,0.35,14.06,100.0,0.0013035107773232395,0.1516861709851291
17890,885562,0.4,0.4,13.6,100.0,0.0012985978507583911,0.15165887694865773
17900,886053,0.37,0.36,13.77,100.0,0.001293773356871709,0.15163207420484281
17910,886542,0.38,0.37,13.76,100.0,0.0012889685146912876,0.15160538063717383
17920,887042,0.37,0.36,13.95,100.0,0.0012840555881264374,0.15157808660070243
17930,887529,0.37,0.36,14.41,100.0,0.0012792703976522747,0.1515515022091793
17940,888029,0.39,0.38,14.21,100.0,0.0012743574710874263,0.15152420817270792
17950,888527,0.38,0.37,14.74,100.0,0.0012694641962288367,0.1514970233123824
17960,889027,0.38,0.37,14.67,100.0,0.0012645512696639882,0.15146972927591104
17970,889527,0.39,0.38,14.7,100.0,0.0012596383430991398,0.15144243523943968
17980,890019,0.42,0.41,14.78,100.0,0.0012548040233593266,0.15141557790755183
17990,890519,0.42,0.41,14.79,100.0,0.0012498910967944782,0.15138828387108044
18000,891019,0.42,0.42,14.73,100.0,0.0012449781702296298,0.15136098983460905
18010,891519,0.4,0.4,14.44,100.0,0.0012400652436647813,0.15133369579813766
18020,892019,0.39,0.39,14.73,100.0,0.0012351523170999312,0.1513064017616663
18030,892497,0.36,0.36,14.81,100.0,0.0012304555593039349,0.15128030866279962
18040,892997,0.36,0.36,15.24,100.0,0.0012255426327390864,0.15125301462632826
18050,893497,0.35,0.35,15.15,100.0,0.001220629706174238,0.1512257205898569
18060,893993,0.39,0.39,15.67,100.0,0.0012157560830219072,0.15119864490567725
18070,894493,0.4,0.4,15.84,100.0,0.0012108431564570588,0.15117135086920588
18080,894993,0.43,0.43,16.32,100.0,0.0012059302298922103,0.1511440568327345
18090,895488,0.4,0.4,16.1,100.0,0.001201066432593009,0.15111703573662782
18100,895988,0.42,0.42,16.19,100.0,0.0011961535060281605,0.15108974170015643
18110,896488,0.45,0.45,16.69,100.0,0.001191240579463312,0.15106244766368507
18120,896988,0.47,0.47,16.73,100.0,0.001186327652898462,0.15103515362721368
18130,897483,0.48,0.48,16.45,100.0,0.0011814638555992622,0.151008132531107
18140,897976,0.46,0.46,16.49,100.0,0.0011766197100063196,0.15098122061114622
18150,898463,0.46,0.46,16.44,100.0,0.001171834519532157,0.1509546362196231
18160,898942,0.45,0.45,15.59,100.0,0.001167127935883033,0.1509284885326835
18170,899442,0.43,0.43,15.9,100.0,0.0011622150093181828,0.15090119449621214
18180,899913,0.37,0.37,15.87,100.0,0.0011575870324940958,0.1508754835138561
18190,900413,0.38,0.38,15.47,100.0,0.0011526741059292474,0.1508481894773847
18200,900913,0.38,0.38,15.29,100.0,0.0011477611793643972,0.15082089544091332
18210,901391,0.37,0.37,15.02,100.0,0.001143064421568401,0.15079480234204667
18220,901877,0.36,0.36,14.96,100.0,0.0011382890569473694,0.15076827253859648
18230,902365,0.35,0.35,15.1,100.0,0.0011334940406200755,0.15074163355900042
18240,902865,0.37,0.37,15.12,100.0,0.001128581114055227,0.15071433952252905
18250,903340,0.36,0.36,15.09,100.0,0.0011239138338186207,0.1506884101878812
18260,903830,0.35,0.35,15.15,100.0,0.001119099165785068,0.15066166203213927
18270,904330,0.34,0.34,15.74,100.0,0.0011141862392202197,0.15063436799566787
18280,904827,0.36,0.36,15.87,100.0,0.0011093027902147595,0.15060723772341533
18290,905313,0.33,0.33,15.83,100.0,0.0011045274255937262,0.15058070791996514
18300,905800,0.28,0.28,15.83,100.0,0.0010997422351195635,0.15055412352844202
18310,906300,0.27,0.27,16.09,100.0,0.001094829308554715,0.15052682949197063
18320,906799,0.31,0.31,15.94,100.0,0.001089926207842996,0.1504995900435722
18330,907288,0.32,0.32,15.99,100.0,0.0010851213656625728,0.15047289647590317
18340,907758,0.31,0.31,15.72,100.0,0.0010805032146916152,0.15044724008162008
18350,908258,0.32,0.32,15.66,100.0,0.0010755902881267668,0.1504199460451487
18360,908750,0.3,0.3,15.36,100.0,0.0010707559683869553,0.15039308871326085
18370,909250,0.31,0.31,15.46,100.0,0.0010658430418221052,0.15036579467678945
18380,909738,0.31,0.31,14.9,100.0,0.001061048025494813,0.15033915569719342
18390,910234,0.32,0.32,14.92,100.0,0.0010561744023424822,0.1503120800130138
18400,910727,0.35,0.35,14.9,100.0,0.0010513302567495414,0.150285168093053
18410,911227,0.33,0.33,14.91,100.0,0.001046417330184693,0.15025787405658164
18420,911686,0.28,0.28,14.88,100.0,0.0010419072635981606,0.1502328181311009
18430,912172,0.33,0.33,14.16,100.0,0.0010371318989771273,0.1502062883276507
18440,912665,0.31,0.31,14.34,100.0,0.0010322877533841864,0.1501793764076899
18450,913165,0.29,0.29,14.26,100.0,0.001027374826819338,0.15015208237121855
18460,913665,0.28,0.28,14.21,100.0,0.0010224619002544896,0.15012478833474716
18470,914164,0.27,0.27,14.28,100.0,0.0010175587995427688,0.15009754888634871
18480,914664,0.24,0.24,14.39,100.0,0.0010126458729779204,0.15007025484987735
18490,915154,0.27,0.27,14.31,100.0,0.0010078312049443695,0.15004350669413538
18500,915654,0.28,0.28,14.71,100.0,0.0010029182783795193,0.150016212657664
